1.5390404,-0.5026644,-0.37911686,1.75212,-0.52536625,-0.39977515,1.8390708,-0.5555211,-0.43232146,1.6761508,-0.62244177,-0.5445168,2.5905027,-0.634088,-0.6304679,1.5390404,-0.5026644,-0.3791169,1.75212,-0.5253663,-0.39977518,1.8390708,-0.55552125,-0.4323215,1.6761508,-0.6224502,-0.5445242,2.5905027,-0.6341013,-0.6304918,1.8700825,-0.4299497,-0.24869876,-0.5606228,-0.18277712,0.091457605,0.02244474,1.8455114,-0.43340388,-0.2575759,-0.5626221,-0.18716635,0.10254159,0.025274908,1.6850171,-0.43831095,-0.27707148,-0.56564534,-0.19448076,0.1163806,0.012712464,1.4619786,-0.44325292,-0.35630283,-0.57650757,-0.22065729,0.12369632,-0.08961283,2.8782578,-0.44134337,-0.42178506,-0.58560807,-0.25922588,0.025523249,-0.21281587,1.8700825,-0.5647679,-0.031639494,1.8455114,-0.5649834,-0.04067744,1.6850171,-0.5706194,-0.13719638,1.4619786,-0.59523696,-0.19409186,2.8782578,-0.60152346,-0.20368886,-0.071725994,-0.42880785,-0.21193494,-0.5242654,-0.14493872,-0.11223447,-0.09797331,-0.06880294,-0.43273303,-0.21766011,-0.52577376,-0.1471798,-0.10852055,-0.09228414,-0.06680304,-0.4377651,-0.22579007,-0.52761894,-0.14959767,-0.10151581,-0.078125924,-0.082048275,-0.43947235,-0.27216738,-0.533007,-0.16550897,-0.086642735,-0.05193968,-0.18970157,-0.43355003,-0.30457717,-0.5364263,-0.18572877,-0.07061991,-0.039075077
-0.73585546,-0.55184054,-0.38011962,-0.72434026,-0.5684783,-0.40115923,-0.70299774,-0.58105236,-0.4288716,-0.6824539,-0.5830898,-0.5165996,-0.60941,-0.6134607,-0.59104615,-0.73585546,-0.55184054,-0.38011965,-0.72434026,-0.56847835,-0.4011593,-0.70299774,-0.5810524,-0.42887163,-0.6824539,-0.5830976,-0.5166069,-0.6094101,-0.6134738,-0.5910698,-0.52196944,-0.48309752,-0.24864657,-0.28977054,-0.18277712,0.091457605,0.022444746,-0.5190586,-0.4866864,-0.2540728,-0.29172683,-0.18716572,0.10254159,0.025300449,-0.51212204,-0.48330235,-0.050716415,-0.28968152,-0.19175123,0.11639902,0.0766528,-0.5054126,-0.43392047,0.18313241,-0.2728532,-0.20092835,0.13518675,0.9893132,-0.4627041,-0.45418727,-0.015345049,-0.28908008,-0.23727308,0.03975916,0.2240395,-0.52196944,-0.5647679,-0.031639494,-0.5190586,-0.5649834,-0.04067744,-0.51212204,-0.5706194,-0.13719638,-0.5054126,-0.59523696,-0.19409186,-0.4627041,-0.6015341,-0.20379311,-0.071725994,-0.4813738,-0.21193491,-0.2524878,-0.14493872,-0.11223447,-0.09797331,-0.06880294,-0.4854258,-0.21766011,-0.25361454,-0.1471798,-0.10852055,-0.09228414,-0.06658157,-0.49061146,-0.22579005,-0.25483397,-0.14959767,-0.10151581,-0.078125924,-0.02195032,-0.4926163,-0.2720192,-0.25438607,-0.16550897,-0.086642735,-0.05193968,0.4164396,-0.48596773,-0.24349436,-0.24745317,-0.17391688,-0.063646674,3.9222078
1.5026209,-0.49002823,-0.38011402,1.7588651,-0.50520897,-0.40114534,1.7129138,-0.5264472,-0.43402156,1.9924794,-0.582504,-0.54441965,1.2749972,-0.58926195,-0.62318397,1.5026209,-0.49002823,-0.38011405,1.7588651,-0.5052091,-0.4011454,1.7129138,-0.52644736,-0.4340216,1.9924794,-0.5825117,-0.544427,1.274997,-0.5892747,-0.62320787,2.1442626,-0.4299497,-0.24869876,-0.44143564,-0.18277712,0.091457605,0.02244474,2.3787022,-0.43340388,-0.25757653,-0.4434164,-0.18716635,0.10254159,0.025274908,2.2882931,-0.4383108,-0.2774547,-0.44606537,-0.19448078,0.1163806,0.012712464,2.7758522,-0.4432465,-0.35726187,-0.4530346,-0.22065765,0.12369632,-0.08961283,2.4654956,-0.44133952,-0.4222258,-0.45744583,-0.2592261,0.025523249,-0.21281587,2.1442626,-0.5647679,-0.031639494,2.3787022,-0.5649834,-0.04067744,2.2882931,-0.5706194,-0.13719638,2.7758522,-0.59523565,-0.19407788,2.4654956,-0.6014919,-0.20338131,-0.071725994,-0.42880785,-0.21193494,-0.40467104,-0.14493872,-0.11223447,-0.09797331,-0.06880294,-0.43273303,-0.21766011,-0.40601146,-0.1471798,-0.10852055,-0.09228414,-0.06680304,-0.4377651,-0.22579005,-0.40758127,-0.14959767,-0.10151581,-0.078125924,-0.080778144,-0.43947235,-0.27216738,-0.41040125,-0.16550897,-0.086642735,-0.05193968,-0.16558519,-0.43355003,-0.30457717,-0.41028395,-0.18572877,-0.07061991,-0.039075077
0.7233539,-0.4889425,-0.37994972,1.1975383,-0.5045232,-0.40105376,1.7747089,-0.52612436,-0.43400234,1.9996988,-0.5828686,-0.5460594,0.43471545,-0.5913573,-0.63180774,0.7233539,-0.4889425,-0.37994975,1.1975383,-0.50452334,-0.40105382,1.7747089,-0.5261245,-0.43400237,1.9996988,-0.58287627,-0.54606676,0.43471533,-0.59137017,-0.6318317,1.2060263,-0.4299497,-0.24869734,-0.44143564,-0.18277712,0.091457605,0.02244474,1.7165116,-0.43340388,-0.25752306,-0.4434164,-0.18716635,0.10254159,0.025274908,2.361367,-0.43831304,-0.276005,-0.44606683,-0.19448066,0.1163806,0.012712464,2.7881703,-0.4432519,-0.3564333,-0.45303825,-0.22065733,0.12369632,-0.08961283,1.1612341,-0.44134253,-0.42187333,-0.45744795,-0.25922593,0.025523249,-0.21281587,1.2060263,-0.5647679,-0.031639494,1.7165116,-0.5649834,-0.04067744,2.361367,-0.5706194,-0.13719638,2.7881703,-0.5952084,-0.19378652,1.1612341,-0.60143065,-0.20278387,-0.071725994,-0.42880785,-0.21193494,-0.5242654,-0.14493872,-0.11223447,-0.09797331,-0.06880294,-0.43273303,-0.21766011,-0.52577376,-0.1471798,-0.10852055,-0.09228414,-0.06680304,-0.4377651,-0.22579007,-0.52761894,-0.14959767,-0.10151581,-0.078125924,-0.082048275,-0.43947235,-0.27216738,-0.533007,-0.16550897,-0.086642735,-0.05193968,-0.18970157,-0.43355003,-0.30457717,-0.5364263,-0.18572877,-0.07061991,-0.039075077
-0.6910987,-0.5981833,-0.38011962,-0.6963665,-0.61589205,-0.40116045,-0.69350934,-0.63885415,-0.43210867,-0.6826592,-0.20948233,0.20332864,-0.6126008,0.2198124,0.20856106,-0.6910987,-0.5981832,-0.38011965,-0.6963665,-0.6158921,-0.40116048,-0.69350934,-0.6388542,-0.4321087,-0.6826592,-0.20948409,0.20332254,-0.6126009,0.21980838,0.20854308,-0.46864656,-0.5229584,-0.2486987,7.1799016,-0.18277712,0.091457605,0.02244474,-0.48639044,-0.5266516,-0.25745946,7.1791034,-0.18716633,0.10254159,0.025274897,-0.50106215,-0.53117293,-0.13944699,7.1982174,-0.18133539,0.11635166,0.003773253,-0.5055687,-0.29489154,1.9191968,6.41096,5.358026,-3.6743815,-2.2038057,-0.46796,-0.25894547,1.6986945,5.9321733,8.639677,-9.121949,-2.5602887,-0.46864656,-0.5647679,-0.031639494,-0.48639044,-0.5649834,-0.04067744,-0.50106215,-0.5706194,-0.13719638,-0.5055687,-0.59523696,-0.19409186,-0.46796,-0.60153407,-0.20379311,0.35222736,-0.52079827,-0.21193482,7.242704,-0.14493872,-0.11223447,-0.09797331,0.25114208,-0.5249454,-0.21754271,7.2521,-0.14717978,-0.10852055,-0.08824939,0.13659874,-0.5296045,-0.08741745,7.2659683,-0.13106833,-0.10154549,-0.08577381,0.18181463,-0.29262695,2.1055388,6.405751,6.6584616,-4.530166,-2.8662062,0.16001499,-0.23173454,2.0738583,5.8800106,9.303049,-6.0308094,-3.1081476
-0.7209675,2.406682,-0.3602602,-0.7150273,2.458148,-0.38214636,-0.6999374,2.4992273,-0.4077474,-0.6840085,1.4261874,0.9430048,-0.6130586,1.3865918,0.8626464,-0.7209675,2.4066803,-0.3602602,-0.7150273,2.4581466,-0.3821464,-0.6999374,2.4992235,-0.40774742,-0.68400854,1.4262117,0.94299996,-0.61305875,1.3866004,0.86263305,-0.504232,2.0616238,0.2007839,1.541123,-0.17266797,0.091457605,0.02244474,-0.50818276,2.064465,0.1830489,1.5393593,-0.17731099,0.10254159,0.025274908,-0.50854206,2.0665035,0.15072803,1.5428426,-0.18474814,0.1163806,0.012712464,-0.5074616,2.0820777,0.03659671,1.6079876,-0.21030754,0.12369632,-0.08961283,-0.46787006,2.141993,-0.074559934,1.712386,-0.24881415,0.025523249,-0.21281587,-0.504232,-0.5647679,-0.031639494,-0.50818276,-0.5649834,-0.04067744,-0.50854206,-0.5706194,-0.13719638,-0.5074616,-0.59523696,-0.19409186,-0.46787006,-0.6015341,-0.20379311,0.06929892,2.0354877,0.2421589,1.5846611,-0.13018972,-0.11223447,-0.09797331,0.037712738,2.0374007,0.22394122,1.5860224,-0.13287574,-0.10852055,-0.09228414,0.00089937483,2.0394623,0.20349474,1.5889415,-0.13587883,-0.10151581,-0.078125924,-0.016889745,2.0602531,0.1411339,1.6362528,-0.1528481,-0.086642735,-0.05193968,0.2929097,2.130458,0.07580564,1.7254351,-0.17463061,-0.07061991,-0.039075077
-0.7353127,-0.59760624,-0.3799134,-0.7222241,-0.5989588,-0.3683189,-0.6802202,-0.07469479,1.2133564,-0.65385693,0.103412464,1.5603315,-0.6058677,-0.023132026,1.0967189,-0.7353127,-0.5976062,-0.37991342,-0.7222241,-0.59895885,-0.36831892,-0.6802202,-0.074695446,1.2133564,-0.65385705,0.103415705,1.5603276,-0.6058678,-0.023138676,1.0967072,-0.5214112,-0.5229584,-0.24869877,-0.6390795,-0.18277712,0.091457605,0.02244474,-0.5176394,-0.5266516,-0.25757658,-0.641091,-0.18716635,0.10254159,0.025274908,-0.5091641,-0.53182185,-0.27746895,-0.64436036,-0.19448078,0.1163806,0.012712464,-0.5041713,-0.5371945,-0.35949323,-0.65777016,-0.22065796,0.12369632,-0.08961283,-0.46777448,-0.53616494,-0.42488948,-0.66995615,-0.2592267,0.025523249,-0.21281587,-0.5214112,-0.5647679,-0.031639494,-0.5176394,-0.5649834,-0.04067744,-0.5091641,-0.5706194,-0.13719638,-0.5041713,-0.59523684,-0.19409186,-0.46777448,-0.60153395,-0.20379311,-0.067287214,-0.52079827,-0.21193491,-0.6029902,-0.14493872,-0.11223447,-0.09797331,-0.05490342,-0.5249454,-0.21766008,-0.604609,-0.1471798,-0.10852055,-0.09228414,-0.010385999,-0.53024626,-0.22579005,-0.6066355,-0.14959767,-0.10151581,-0.078125924,0.32849565,-0.53247434,-0.27216735,-0.61371404,-0.16550897,-0.086642735,-0.05193968,0.32902882,-0.5276771,-0.30457717,-0.6194613,-0.18572877,-0.07061991,-0.039075077
-0.73585546,-0.5981833,-0.3801196,-0.7243402,-0.6158547,-0.40109968,-0.70302254,-0.5532665,-0.30470893,-0.68442833,0.63894945,0.2664897,-0.61323017,0.5307513,0.10648027,-0.73585546,-0.5981832,-0.38011962,-0.7243402,-0.61585474,-0.4010997,-0.70302254,-0.55326664,-0.30470896,-0.6844284,0.63896126,0.26648375,-0.6132302,0.53075063,0.10646156,-0.52196944,-0.5229584,-0.2486988,-0.4998031,-0.18277712,0.091457605,0.02244474,-0.51905864,-0.5266516,-0.25757658,-0.5017929,-0.18716635,0.10254159,0.025274908,-0.51227385,-0.53182185,-0.27746895,-0.50462514,-0.19448078,0.1163806,0.012712464,-0.507985,-0.5335938,-0.2710624,-0.50903946,-0.2199203,0.123763055,0.008761264,-0.46798575,-0.398877,-0.08590085,-0.34738958,-0.24525724,0.07388984,2.1050687,-0.52196944,-0.5647679,-0.031639494,-0.51905864,-0.56498337,-0.04067744,-0.51227385,-0.57061934,-0.13719638,-0.507985,-0.5952369,-0.19409186,-0.46798575,-0.6015341,-0.20379311,-0.071725994,-0.52079827,-0.21193494,-0.46323794,-0.14493872,-0.11223447,-0.09797331,-0.06880294,-0.5249454,-0.21766011,-0.46466056,-0.1471798,-0.10852055,-0.09228414,-0.06680304,-0.53024626,-0.22579005,-0.46636525,-0.14959767,-0.10151581,-0.078125924,-0.07262699,-0.53247434,-0.27216735,-0.47044283,-0.16550897,-0.086642735,-0.05193968,-0.003295084,-0.5276771,-0.30457717,-0.47205746,-0.18572877,-0.07061991,-0.039075077
-0.7209411,-0.36646986,-0.3801196,-0.7150148,-0.3788672,-0.4011545,-0.69972056,-0.40509376,-0.43276894,-0.6839964,-0.51934874,-0.5394624,-0.61329246,-0.56934994,-0.62320447,-0.7209411,-0.36646992,-0.38011962,-0.7150148,-0.3788674,-0.40115455,-0.69972056,-0.40509406,-0.43276897,-0.68399644,-0.5193555,-0.5394697,-0.6132926,-0.5693625,-0.6232283,-0.52196944,-0.32365406,-0.2486988,-0.3691518,-0.18277712,0.091457605,0.02244474,-0.51905864,-0.32683507,-0.25757658,-0.37112135,-0.18716635,0.10254159,0.025274908,-0.51227385,-0.33144104,-0.27746895,-0.3735434,-0.19448078,0.1163806,0.012712464,-0.5080613,-0.33586428,-0.3592276,-0.37815157,-0.22065796,0.12369632,-0.09046829,-0.46884108,-0.34406903,-0.30286396,-0.38733155,-0.2579634,0.02542101,-0.6751501,-0.52196944,-0.5647679,-0.031639494,-0.51905864,-0.56498337,-0.04067744,-0.51227385,-0.57061934,-0.13719638,-0.5080613,-0.5952369,-0.19409186,-0.46884108,-0.60153407,-0.20379311,-0.071725994,-0.32367593,-0.21193494,-0.33214027,-0.14493872,-0.11223447,-0.09797331,-0.06880294,-0.3273475,-0.21766011,-0.33337882,-0.1471798,-0.10852055,-0.09228414,-0.06680304,-0.33207235,-0.22579005,-0.33478165,-0.14959767,-0.10151581,-0.078125924,-0.07984074,-0.33318445,-0.27189022,-0.3360442,-0.16550897,-0.086642735,-0.051941022,-0.07398285,-0.33701745,-0.17208362,-0.34127903,-0.18438226,-0.07064604,-0.2836845
0.73905617,2.8724148,0.6162276,0.9546329,2.6111302,1.2608635,1.2252766,2.2117286,1.8878357,1.5539423,2.1218314,1.9572229,2.8879335,2.2371888,1.9544469,0.73905617,2.872413,0.61622757,0.9546329,2.6111286,1.2608634,1.2252766,2.2117257,1.8878357,1.5539423,2.121867,1.9572198,2.8879335,2.2372067,1.9544413,1.0747569,2.75892,-0.24869862,2.1293213,-0.18277712,0.091457605,0.02244474,1.0999621,2.7636611,-0.25757638,2.1277397,-0.18716635,0.10254159,0.025274908,1.0883603,2.7677822,-0.27746806,2.1331608,-0.19448078,0.1163806,0.012712464,1.3117126,2.777985,-0.31835896,2.2099707,-0.22054632,0.12369632,-0.08961283,3.1132507,2.8099518,-0.34941414,2.3065653,-0.2587434,0.025523249,-0.21281587,1.0747569,-0.5647679,-0.031639494,1.0999621,-0.5649834,-0.04067744,1.0883603,-0.5706194,-0.13719638,1.3117126,-0.59523696,-0.19409186,3.1132507,-0.6015299,-0.203752,-0.071725994,2.7251494,-0.21193494,2.1748688,-0.14493872,-0.11223447,-0.09797331,-0.06880294,2.7288332,-0.21766011,2.17715,-0.1471798,-0.10852055,-0.09228414,-0.06680304,2.7330174,-0.22579007,2.1815197,-0.14959767,-0.10151581,-0.078125924,-0.082048275,2.7491665,-0.27216738,2.2340908,-0.16550897,-0.086642735,-0.05193968,-0.18970157,2.7936652,-0.30457717,2.310489,-0.18572877,-0.07061991,-0.039075077
-0.73574215,-0.53653246,-0.3493036,-0.7237257,-0.45707142,-0.1986565,-0.7010784,-0.029480953,0.37307784,-0.68400365,0.34484875,0.5202769,-0.6139538,0.48453802,0.5533048,-0.73574215,-0.53653246,-0.34930363,-0.7237257,-0.45707157,-0.19865654,-0.7010784,-0.02948166,0.3730778,-0.6840037,0.34485584,0.52027136,-0.61395395,0.4845369,0.55328923,-0.52185583,-0.46986756,0.31150907,1.7192808,-0.16707395,0.091457605,0.02244322,-0.5185332,-0.3905279,1.1912848,1.7283789,-0.08060829,0.10254137,0.024361635,-0.51083237,0.067486756,2.695329,1.8160473,0.27464026,0.10486083,-0.31346747,-0.5071327,0.502539,2.732874,1.8211842,0.41317263,-0.07359308,-0.862819,-0.4683069,0.64292616,2.4546783,1.3556906,0.6711786,-0.28226703,-0.435399,-0.52185583,-0.5647679,-0.031639494,-0.5185332,-0.5649834,-0.04067744,-0.51083237,-0.5706194,-0.13719638,-0.5071327,-0.59523696,-0.19409186,-0.4683069,-0.60153407,-0.20379311,-0.07082224,-0.46828866,0.35402,1.7634275,-0.12202817,-0.11223447,-0.09797481,-0.06365647,-0.39033312,1.2344099,1.7759246,0.0074787396,-0.10852081,-0.093194194,-0.040652193,0.062461853,2.75456,1.8631922,0.511662,-0.11584542,-0.41667718,0.017630845,0.4967221,2.954573,1.8479635,0.6098067,-0.29673406,-0.9887608,0.1278484,0.6425986,2.8220167,1.3743463,0.80593747,-0.2862345,-0.36185366
1.3504583,-0.5981833,-0.38011962,0.76445544,-0.61589205,-0.40116045,0.24958612,-0.63964754,-0.43406284,0.14110753,-0.7045386,-0.5464479,0.6384891,-0.719524,-0.6324767,1.3504583,-0.5981832,-0.38011965,0.76445544,-0.6158921,-0.40116048,0.24958612,-0.6396476,-0.43406287,0.14110748,-0.7045483,-0.5464552,0.638489,-0.7195383,-0.63250065,-0.52196944,-0.5229584,-0.2486988,-0.6390795,-0.18277712,0.091457605,0.02244474,-0.51905864,-0.5266516,-0.25757658,-0.641091,-0.18716635,0.10254159,0.025274908,-0.51227385,-0.53182185,-0.27746895,-0.64436036,-0.19448078,0.1163806,0.012712464,-0.50808233,-0.5371945,-0.35949323,-0.65777016,-0.22065796,0.12369632,-0.08961283,-0.46914732,-0.53616494,-0.42488948,-0.66995615,-0.2592267,0.025523249,-0.21281587,-0.52196944,1.7735987,-0.031639494,-0.51905864,1.7735388,-0.04067744,-0.51227385,1.7724478,-0.13719638,-0.50808233,1.75295,-0.19409186,-0.46914732,1.7452734,-0.20379311,-0.071725994,-0.52079827,-0.21193494,-0.6029902,-0.14493872,-0.11223447,-0.09797331,-0.06880294,-0.5249454,-0.21766011,-0.604609,-0.1471798,-0.10852055,-0.09228414,-0.06680304,-0.53024626,-0.22579007,-0.6066355,-0.14959767,-0.10151581,-0.078125924,-0.082048275,-0.53247434,-0.27216738,-0.61371404,-0.16550897,-0.086642735,-0.05193968,-0.18970157,-0.5276771,-0.30457717,-0.6194613,-0.18572877,-0.07061991,-0.039075077
-0.73537356,-0.5981833,-0.38011962,-0.72300994,-0.61589205,-0.40116045,-0.70015126,-0.6396464,-0.43406278,-0.68285835,-0.6412565,-0.5389372,-0.6123346,-0.38774136,0.033517953,-0.73537356,-0.5981832,-0.38011965,-0.72300994,-0.6158921,-0.40116048,-0.70015126,-0.6396464,-0.43406284,-0.68285835,-0.64126515,-0.53894454,-0.6123347,-0.38775197,0.033498723,-0.5213953,-0.5229584,-0.24869877,-0.6390795,-0.18277712,0.091457605,0.02244474,-0.51750505,-0.5266516,-0.25757658,-0.641091,-0.18716635,0.10254159,0.025274908,-0.5087826,-0.53182185,-0.27746895,-0.64436036,-0.19448078,0.1163806,0.012712464,-0.506617,-0.5371945,-0.3594932,-0.65777016,-0.22065796,0.12369632,-0.08961283,-0.46858278,-0.53616494,-0.42488942,-0.66995615,-0.2592267,0.025523249,-0.21281587,-0.5213953,-0.5647679,-0.031639494,-0.51750505,-0.5649834,-0.04067744,-0.5087826,-0.5706194,-0.13719638,-0.506617,-0.5952369,-0.19409186,-0.46858278,-0.60153407,-0.20379311,-0.067161225,-0.52079827,-0.21193491,-0.6029902,-0.14493872,-0.11223447,-0.09797331,-0.053587444,-0.5249454,-0.21766008,-0.604609,-0.1471798,-0.10852055,-0.09228414,-0.003464636,-0.53024626,-0.22579005,-0.6066355,-0.14959767,-0.10151581,-0.078125924,0.07177205,-0.53247434,-0.27216735,-0.61371404,-0.16550897,-0.086642735,-0.05193968,0.023611253,-0.5276771,-0.30457717,-0.6194613,-0.18572877,-0.07061991,-0.039075077
1.4299616,-0.48999017,-0.38011035,1.6619473,-0.50513303,-0.40114135,1.8873309,-0.5262896,-0.43400133,1.7787377,-0.582675,-0.54569936,0.19740687,-0.5912304,-0.631566,1.4299616,-0.48999017,-0.38011038,1.6619473,-0.50513315,-0.4011414,1.8873309,-0.5262897,-0.4340014,1.7787377,-0.5826827,-0.54570675,0.19740675,-0.5912432,-0.63158995,2.057527,-0.4299497,-0.24869876,-0.44143564,-0.18277712,0.091457605,0.02244474,2.2657285,-0.43340388,-0.25757656,-0.4434164,-0.18716635,0.10254159,0.025274908,2.4947593,-0.4383108,-0.27745798,-0.44606537,-0.19448078,0.1163806,0.012712464,2.5154302,-0.44324678,-0.3572178,-0.4530348,-0.22065762,0.12369632,-0.08961283,0.7921281,-0.44134066,-0.42208713,-0.45744666,-0.25922605,0.025523249,-0.21281587,2.057527,-0.5647679,-0.031639494,2.2657285,-0.5649834,-0.04067744,2.4947593,-0.5706194,-0.13719638,2.5154302,-0.5951807,-0.19348954,0.7921281,-0.60139227,-0.20240885,-0.071725994,-0.42880785,-0.21193494,-0.5242654,-0.14493872,-0.11223447,-0.09797331,-0.06880294,-0.43273303,-0.21766011,-0.52577376,-0.1471798,-0.10852055,-0.09228414,-0.06680304,-0.4377651,-0.22579007,-0.52761894,-0.14959767,-0.10151581,-0.078125924,-0.082048275,-0.43947235,-0.27216738,-0.533007,-0.16550897,-0.086642735,-0.05193968,-0.18970157,-0.43355003,-0.30457717,-0.5364263,-0.18572877,-0.07061991,-0.039075077
0.8360849,2.7569232,1.1638663,1.0599339,2.4850771,1.7168081,1.301709,2.1776748,2.1235483,1.5410419,2.1945236,2.076842,0.69464755,2.310068,2.0808003,0.8360849,2.756922,1.1638663,1.0599339,2.4850755,1.7168081,1.301709,2.1776712,2.1235483,1.5410419,2.1945603,2.0768392,0.69464743,2.3100865,2.0807955,1.0831788,2.8386416,-0.2486988,2.19657,-0.18277712,0.091457605,0.02244474,1.0944217,2.8435876,-0.2575722,2.1949987,-0.18716635,0.10254159,0.025274908,1.0927664,2.8479323,-0.26865157,2.2006292,-0.19447665,0.1163806,0.012712464,1.3039074,2.8582044,-0.25505283,2.279363,-0.21993835,0.12369632,-0.08961283,0.8704997,2.8911157,-0.3310839,2.3787644,-0.25848016,0.025523249,-0.21281587,1.0831788,-0.5647679,-0.031639494,1.0944217,-0.5649834,-0.04067744,1.0927664,-0.5706194,-0.13719638,1.3039074,-0.5952297,-0.19401373,0.8704997,-0.60143054,-0.2027815,-0.071725994,2.8039985,-0.21193494,2.2423472,-0.14493872,-0.11223447,-0.09797331,-0.06880294,2.8078723,-0.21766011,2.244723,-0.1471798,-0.10852055,-0.09228414,-0.06680304,2.812287,-0.22579007,2.2492483,-0.14959767,-0.10151581,-0.078125924,-0.082048275,2.8288825,-0.27216738,2.3032684,-0.16550897,-0.086642735,-0.05193968,-0.18970157,2.8743455,-0.30457717,2.381662,-0.18572877,-0.07061991,-0.039075077
-0.72091264,-0.2737849,-0.38011947,-0.7150018,-0.2840996,-0.4011381,-0.6996738,-0.31361982,-0.43098637,-0.6840734,-0.43014812,-0.5326566,-0.6129966,-0.42682454,-0.6190654,-0.72091264,-0.27378502,-0.3801195,-0.7150018,-0.28409982,-0.40113816,-0.6996738,-0.3136202,-0.43098643,-0.68407345,-0.4301534,-0.53266394,-0.6129967,-0.42683557,-0.61908925,-0.52196944,-0.2439323,-0.2486988,-0.1669395,-0.18277712,0.091457605,0.02244474,-0.51905864,-0.24690843,-0.25757658,-0.16887765,-0.18716635,0.10254159,0.025274908,-0.51227385,-0.2512887,-0.27746895,-0.1706649,-0.19448078,0.1163806,0.012712464,-0.50805116,-0.2553321,-0.3594932,-0.16867937,-0.22065796,0.12369632,-0.08961283,-0.46885332,-0.2516565,-0.42488948,-0.16228488,-0.2592267,0.025523249,-0.21281587,-0.52196944,-0.5647679,-0.031639494,-0.51905864,-0.56498337,-0.04067744,-0.51227385,-0.57061934,-0.13719638,-0.50805116,-0.5952369,-0.19409186,-0.46885332,-0.60153407,-0.20379311,-0.071725994,-0.244827,-0.21193494,-0.12923709,-0.14493872,-0.11223447,-0.09797331,-0.06880294,-0.24830833,-0.21766011,-0.13019079,-0.1471798,-0.10852055,-0.09228414,-0.06680304,-0.25280276,-0.22579007,-0.13112642,-0.14959767,-0.10151581,-0.078125924,-0.078777626,-0.25346842,-0.27216735,-0.12803192,-0.16550897,-0.086642735,-0.05193968,-0.07861041,-0.24529582,-0.30457717,-0.119769655,-0.18572877,-0.07061991,-0.039075077
0.76637095,2.9761446,0.33744153,0.9641845,2.7363794,1.0057288,1.2409933,2.2879646,1.7903308,1.5689104,2.135285,1.9457877,2.486103,2.2316892,1.9588084,0.76637095,2.9761426,0.3374415,0.9641845,2.7363775,1.0057288,1.2409933,2.2879615,1.7903308,1.5689104,2.1353207,1.9457846,2.486103,2.231707,1.9588028,1.1534979,2.75892,-0.24869831,2.1293213,-0.18277712,0.091457605,0.02244474,1.172803,2.7636611,-0.25757626,2.1277397,-0.18716635,0.10254159,0.025274908,1.144653,2.7677822,-0.2774429,2.1331608,-0.19448078,0.1163806,0.012712464,1.3326176,2.777928,-0.30186614,2.2099214,-0.22043887,0.12369632,-0.08961283,2.6963756,2.8099377,-0.3472633,2.3065526,-0.25871548,0.025523249,-0.21281587,1.1534979,-0.5647679,-0.031639494,1.172803,-0.5649834,-0.04067744,1.144653,-0.5706194,-0.13719638,1.3326176,-0.59523696,-0.19409186,2.6963756,-0.6015223,-0.20367815,-0.071725994,2.7251494,-0.21193494,2.1748688,-0.14493872,-0.11223447,-0.09797331,-0.06880294,2.7288332,-0.21766011,2.17715,-0.1471798,-0.10852055,-0.09228414,-0.06680304,2.7330174,-0.22579007,2.1815197,-0.14959767,-0.10151581,-0.078125924,-0.082048275,2.7491665,-0.27216738,2.2340908,-0.16550897,-0.086642735,-0.05193968,-0.18970157,2.7936652,-0.30457717,2.310489,-0.18572877,-0.07061991,-0.039075077
2.1009774,-0.48953378,-0.38004014,2.1098359,-0.50479,-0.40109202,2.0839317,-0.5260439,-0.43341577,1.8835,-0.57758343,-0.523824,0.45258898,-0.5865057,-0.6118398,2.1009774,-0.48953378,-0.38004017,2.1098359,-0.5047901,-0.40109205,2.0839317,-0.5260441,-0.4334158,1.8835,-0.57759106,-0.5238313,0.45258886,-0.58651847,-0.61186355,2.8483467,-0.4299497,-0.24869871,-0.44143564,-0.18277712,0.091457605,0.02244474,2.782406,-0.43340388,-0.25757053,-0.4434164,-0.18716635,0.10254159,0.025274908,2.7199588,-0.4383113,-0.27675572,-0.44606572,-0.19448075,0.1163806,0.012712464,2.640455,-0.44325027,-0.35665777,-0.4530371,-0.22065744,0.12369632,-0.08961283,1.187405,-0.44134197,-0.42194098,-0.45744753,-0.25922596,0.025523249,-0.21281588,2.8483467,-0.5647679,-0.031639494,2.782406,-0.5649834,-0.04067744,2.7199588,-0.5706194,-0.13719638,2.640455,-0.59521675,-0.19387586,1.187405,-0.6014362,-0.20283799,-0.071725994,-0.42880785,-0.21193494,-0.5242654,-0.14493872,-0.11223447,-0.09797331,-0.06880294,-0.43273303,-0.21766011,-0.52577376,-0.1471798,-0.10852055,-0.09228414,-0.06680304,-0.4377651,-0.22579007,-0.52761894,-0.14959767,-0.10151581,-0.078125924,-0.082048275,-0.43947235,-0.27216738,-0.533007,-0.16550897,-0.086642735,-0.05193968,-0.18970157,-0.43355003,-0.30457717,-0.5364263,-0.18572877,-0.07061991,-0.039075077
0.1546801,-0.5981833,-0.38011962,-0.00028889097,-0.61589205,-0.40116045,-0.015137958,-0.6396491,-0.4340633,0.113084786,-0.70458853,-0.54645693,0.650313,-0.7195317,-0.6324779,0.1546801,-0.5981832,-0.38011965,-0.00028889097,-0.6158921,-0.40116048,-0.015137958,-0.63964915,-0.43406332,0.11308474,-0.70459825,-0.54646426,0.6503129,-0.7195459,-0.63250184,-0.52196944,-0.5229584,-0.2486988,-0.6390795,-0.18277712,0.091457605,0.02244474,-0.51905864,-0.5266516,-0.25757658,-0.641091,-0.18716635,0.10254159,0.025274908,-0.51227385,-0.53182185,-0.27746895,-0.64436036,-0.19448078,0.1163806,0.012712464,-0.50808233,-0.5371945,-0.35949323,-0.65777016,-0.22065796,0.12369632,-0.08961283,-0.46914732,-0.53616494,-0.42488948,-0.66995615,-0.2592267,0.025523249,-0.21281587,-0.52196944,1.7735987,-0.031639494,-0.51905864,1.7735388,-0.04067744,-0.51227385,1.7724478,-0.13719638,-0.50808233,1.75295,-0.19409186,-0.46914732,1.7452734,-0.20379311,-0.071725994,-0.52079827,-0.21193494,-0.6029902,-0.14493872,-0.11223447,-0.09797331,-0.06880294,-0.5249454,-0.21766011,-0.604609,-0.1471798,-0.10852055,-0.09228414,-0.06680304,-0.53024626,-0.22579007,-0.6066355,-0.14959767,-0.10151581,-0.078125924,-0.082048275,-0.53247434,-0.27216738,-0.61371404,-0.16550897,-0.086642735,-0.05193968,-0.18970157,-0.5276771,-0.30457717,-0.6194613,-0.18572877,-0.07061991,-0.039075077
1.3944635,-0.5652033,-0.37805846,1.4337482,-0.56807095,-0.39887634,1.4637948,-0.5729902,-0.43185264,1.656937,-0.6244778,-0.5444686,1.7867441,-0.63440126,-0.6304617,1.3944635,-0.5652033,-0.3780585,1.4337482,-0.568071,-0.39887637,1.4637948,-0.5729903,-0.4318527,1.656937,-0.6244862,-0.544476,1.7867441,-0.63441455,-0.63048565,-0.52196944,-0.5229584,-0.2486988,-0.6390795,-0.18277712,0.091457605,0.02244474,-0.51905864,-0.5266516,-0.25757658,-0.641091,-0.18716635,0.10254159,0.025274908,-0.51227385,-0.53182185,-0.27746895,-0.64436036,-0.19448078,0.1163806,0.012712464,-0.50808233,-0.5371945,-0.35949323,-0.65777016,-0.22065796,0.12369632,-0.08961283,-0.46914732,-0.53616494,-0.42488948,-0.66995615,-0.2592267,0.025523249,-0.21281587,-0.52196944,1.7736046,-0.031639494,-0.51905864,1.7735448,-0.04067744,-0.51227385,1.7724538,-0.13719638,-0.50808233,1.7529559,-0.19409186,-0.46914732,1.7452793,-0.20379311,-0.071725994,-0.52079827,-0.21193494,-0.6029902,-0.14493872,-0.11223447,-0.09797331,-0.06880294,-0.5249454,-0.21766011,-0.604609,-0.1471798,-0.10852055,-0.09228414,-0.06680304,-0.53024626,-0.22579007,-0.6066355,-0.14959767,-0.10151581,-0.078125924,-0.082048275,-0.53247434,-0.27216738,-0.61371404,-0.16550897,-0.086642735,-0.05193968,-0.18970157,-0.5276771,-0.30457717,-0.6194613,-0.18572877,-0.07061991,-0.039075077
-0.72116315,2.4077003,-0.3602531,-0.71509546,2.457993,-0.3805147,-0.69953024,2.34245,-0.1237466,-0.6839209,1.4611194,0.7227851,-0.6130576,1.4060369,0.8272108,-0.72116315,2.407699,-0.36025313,-0.71509546,2.4579916,-0.38051477,-0.69953024,2.3424463,-0.12374664,-0.683921,1.4611443,0.7227799,-0.61305773,1.4060457,0.8271972,-0.5044652,2.062503,0.20076802,1.541865,-0.17266868,0.091457605,0.02244474,-0.50826883,2.0649939,0.18304332,1.5398043,-0.17731124,0.10254159,0.025274908,-0.5085519,2.0666802,0.15072742,1.5429914,-0.18474816,0.1163806,0.012712464,-0.5074617,2.0820928,0.03659385,1.6080005,-0.21030769,0.12369632,-0.08961283,-0.46787095,2.1419697,-0.074542336,1.7123653,-0.24881311,0.025523249,-0.21281587,-0.5044652,-0.5647679,-0.031639494,-0.50826883,-0.5649834,-0.04067744,-0.5085519,-0.5706194,-0.13719638,-0.5074617,-0.59523696,-0.19409186,-0.46787095,-0.6015341,-0.20379311,0.067444555,2.0363572,0.24214289,1.5854055,-0.13019074,-0.11223447,-0.09797331,0.03687016,2.0379238,0.22393562,1.5864695,-0.1328761,-0.10852055,-0.09228414,0.0007203819,2.039637,0.20349413,1.5890908,-0.13587888,-0.10151581,-0.078125924,-0.016905254,2.0602682,0.14113091,1.6362654,-0.15284827,-0.086642735,-0.05193968,0.29258433,2.1304348,0.07582475,1.7254145,-0.1746295,-0.07061991,-0.039075077
1.7472113,-0.48999354,-0.38011086,1.8514355,-0.50513756,-0.40114206,1.9211754,-0.5263023,-0.43401614,2.047141,-0.58220494,-0.54376996,1.2047186,-0.5890625,-0.62253183,1.7472113,-0.48999354,-0.3801109,1.8514355,-0.5051377,-0.4011421,1.9211754,-0.5263024,-0.43401617,2.047141,-0.5822127,-0.54377735,1.2047184,-0.58907527,-0.6225557,2.4354277,-0.4299497,-0.24869877,-0.44143564,-0.18277712,0.091457605,0.02244474,2.4869325,-0.43340388,-0.25757653,-0.4434164,-0.18716635,0.10254159,0.025274908,2.5341394,-0.4383108,-0.2774069,-0.44606537,-0.19448078,0.1163806,0.012712464,2.846656,-0.4432485,-0.35692546,-0.45303592,-0.22065754,0.12369632,-0.08961282,2.3572042,-0.44134024,-0.42213395,-0.45744637,-0.25922608,0.025523249,-0.21281587,2.4354277,-0.5647679,-0.031639494,2.4869325,-0.5649834,-0.04067744,2.5341394,-0.5706194,-0.13719638,2.846656,-0.5952352,-0.19407333,2.3572042,-0.60148895,-0.2033524,-0.071725994,-0.42880785,-0.21193494,-0.40467104,-0.14493872,-0.11223447,-0.09797331,-0.06880294,-0.43273303,-0.21766011,-0.40601146,-0.1471798,-0.10852055,-0.09228414,-0.06680304,-0.4377651,-0.22579007,-0.40758127,-0.14959767,-0.10151581,-0.078125924,-0.080723174,-0.43947235,-0.27216738,-0.41040125,-0.16550897,-0.086642735,-0.05193968,-0.16548279,-0.43355003,-0.30457717,-0.41028395,-0.18572877,-0.07061991,-0.039075077
-0.59939694,2.6111689,14.753846,-0.5955613,2.8820698,15.448002,-0.6278013,2.8118196,15.43589,-0.6709378,2.0603745,12.587601,-0.6069167,0.26161507,4.5912023,-0.59939694,2.6111672,14.753846,-0.5955613,2.8820682,15.448002,-0.6278013,2.811816,15.435888,-0.67093784,2.0604088,12.587616,-0.60691684,0.26161152,4.591215,-0.3622408,2.280072,12.20589,2.3195152,10.387875,23.255213,4.016613,-0.37345716,2.5087368,12.54865,2.4618554,10.59075,25.703447,4.274424,-0.42983317,2.4864516,12.384974,2.3784535,10.306808,26.221891,4.0687423,-0.4929696,1.9108542,10.6827755,1.8833896,9.34358,26.355698,3.0365152,-0.45951137,0.36339965,6.1718936,0.43072608,3.9302454,16.198708,2.6183617,-0.3622408,-0.5647679,-0.031639494,-0.37345716,-0.5649834,-0.04067744,-0.42983317,-0.5706194,-0.13719638,-0.4929696,-0.59523696,-0.19409186,-0.45951137,-0.6015341,-0.20379311,0.5732369,4.1747494,13.282819,3.4328249,12.880784,0.13993576,1.1515214,0.68333685,4.5855455,13.132893,3.7815058,12.926485,-0.38248348,-1.1289057,0.7118717,4.7548323,12.965259,3.9271755,12.803852,-1.9937408,-5.0877256,0.6523651,4.293179,12.76496,3.596669,12.432298,-3.4893668,-7.039764,1.0452899,1.8177092,10.675299,1.5040833,9.061347,-2.5991294,-7.1273575
-0.16845328,-0.4898425,-0.3800873,-0.25960702,-0.50459784,-0.4010207,-0.38616854,-0.52148664,-0.42930478,-0.37623495,-0.57294106,-0.5280888,-0.11892869,-0.56915236,-0.55843157,-0.16845328,-0.4898425,-0.38008732,-0.25960702,-0.50459796,-0.40102077,-0.38616854,-0.5214868,-0.4293048,-0.37623498,-0.57294863,-0.52809614,-0.118928805,-0.56916493,-0.558455,-0.52196944,-0.4299497,-0.2486988,-0.5606228,-0.18277712,0.091457605,0.02244474,-0.5190586,-0.43340388,-0.25757658,-0.5626221,-0.18716635,0.10254159,0.025274908,-0.5122092,-0.4383108,-0.27746895,-0.5656452,-0.19448078,0.1163806,0.012712464,-0.5075635,-0.44324037,-0.35949323,-0.5764967,-0.22065796,0.12369632,-0.08961283,-0.46897396,-0.4413288,-0.42488948,-0.58559513,-0.2592267,0.025523249,-0.21281587,-0.52196944,-0.5647679,-0.031639494,-0.5190586,-0.56498337,-0.040676136,-0.5122092,-0.56618494,-0.0028347436,-0.5075635,-0.02309338,4.434723,-0.46897396,0.15817906,4.806327,-0.071725994,-0.42880785,-0.21193494,-0.5242654,-0.14493872,-0.11223447,-0.09797331,-0.06880254,-0.43273303,-0.21766008,-0.52577376,-0.1471798,-0.10852055,-0.09228414,-0.065629356,-0.4377651,-0.22579007,-0.52761894,-0.14959767,-0.10151581,-0.078125924,-0.027587496,-0.43947235,-0.27216735,-0.533007,-0.16550897,-0.086642735,-0.05193968,-0.124199905,-0.43355003,-0.30457717,-0.5364263,-0.18572877,-0.07061991,-0.039075077
-0.73585546,-0.30467945,-0.38011962,-0.7243403,-0.31561896,-0.40116045,-0.70315504,-0.33269414,-0.4340633,-0.6847053,-0.39338216,-0.54031754,-0.61307967,-0.4206456,-0.61968565,-0.73585546,-0.30467954,-0.38011965,-0.7243403,-0.31561917,-0.40116048,-0.70315504,-0.3326945,-0.43406332,-0.6847054,-0.39338687,-0.54032487,-0.6130798,-0.42065656,-0.6197095,-0.52196944,-0.27050623,-0.2486988,-0.33136863,-0.18277712,0.091457605,0.02244474,-0.51905864,-0.27355063,-0.25757658,-0.33332893,-0.18716526,0.10254159,0.025274908,-0.51227385,-0.27800617,-0.27733424,-0.33224055,-0.19345093,0.1163806,0.012728179,-0.50793725,-0.3189498,-0.096193105,-0.31061143,-0.21051718,0.13124987,0.8129529,-0.4682337,-0.41184768,-0.08562988,-0.37174335,-0.24543267,0.06316517,1.6137465,-0.52196944,-0.5647679,-0.031639494,-0.51905864,-0.56498337,-0.04067744,-0.51227385,-0.57061934,-0.13719638,-0.50793725,-0.5952369,-0.19409186,-0.4682337,-0.6015341,-0.20379311,-0.071725994,-0.27110997,-0.21193494,-0.16104671,-0.14493872,-0.11223447,-0.09797331,-0.06880294,-0.27465472,-0.21766011,-0.16204509,-0.1471798,-0.10852055,-0.09228414,-0.06680304,-0.27922595,-0.22579002,-0.16305396,-0.14959767,-0.10151581,-0.078125924,-0.07559395,-0.2800404,-0.27216738,-0.16064252,-0.16550897,-0.086642735,-0.05193968,-0.041122843,-0.2721893,-0.30457714,-0.15332091,-0.18572877,-0.07061991,-0.039075077
1.2342068,1.3886487,2.7969592,1.2021066,1.7633404,2.5315638,1.2643,2.0175114,2.2827604,1.5347407,2.1663315,2.1007106,2.2164073,2.3021812,2.0872066,1.2342068,1.3886478,2.7969592,1.2021066,1.7633392,2.5315635,1.2643,2.0175083,2.2827604,1.5347407,2.1663678,2.1007078,2.2164073,2.3021998,2.0872018,-0.52196944,-0.5229584,-0.2486988,-0.6390795,-0.18277712,0.091457605,0.02244474,-0.51905864,-0.5266516,-0.25757658,-0.641091,-0.18716635,0.10254159,0.025274908,-0.51227385,-0.53182185,-0.27746895,-0.64436036,-0.19448078,0.1163806,0.012712464,-0.50808233,-0.5371945,-0.35949323,-0.65777016,-0.22065796,0.12369632,-0.08961283,-0.46914732,-0.53616494,-0.42488948,-0.66995615,-0.2592267,0.025523249,-0.21281587,-0.52196944,1.773606,-0.031639494,-0.51905864,1.7735462,-0.04067744,-0.51227385,1.7724552,-0.13719638,-0.50808233,1.7529573,-0.19409186,-0.46914732,1.7452807,-0.20379311,-0.071725994,-0.52079827,-0.21193494,-0.6029902,-0.14493872,-0.11223447,-0.09797331,-0.06880294,-0.5249454,-0.21766011,-0.604609,-0.1471798,-0.10852055,-0.09228414,-0.06680304,-0.53024626,-0.22579007,-0.6066355,-0.14959767,-0.10151581,-0.078125924,-0.082048275,-0.53247434,-0.27216738,-0.61371404,-0.16550897,-0.086642735,-0.05193968,-0.18970157,-0.5276771,-0.30457717,-0.6194613,-0.18572877,-0.07061991,-0.039075077
-0.73363996,1.8840088,0.37984824,-0.7213708,1.5962667,0.7838482,-0.7008451,1.1051322,1.0931944,-0.6839993,0.67702115,0.74477726,-0.6129873,1.1932555,0.88740695,-0.73363996,1.8840077,0.3798482,-0.7213708,1.5962657,0.7838482,-0.7008451,1.1051303,1.0931942,-0.68399936,0.67703354,0.7447721,-0.6129874,1.193262,0.8873937,-0.52196944,1.928485,-0.2486988,1.428815,-0.18277712,0.091457605,0.02244474,-0.51905864,1.9310921,-0.25757658,1.4271246,-0.18716635,0.10254159,0.025274908,-0.51227385,1.9328622,-0.27743104,1.4303467,-0.19448078,0.1163806,0.012712464,-0.50789607,1.9942046,-0.035882253,1.5319744,-0.21374895,0.12369632,-0.08961283,-0.46796224,2.1353564,-0.06857429,1.7064823,-0.2484553,0.025523249,-0.21281587,-0.52196944,-0.5647679,-0.031639494,-0.51905864,-0.56498337,-0.04067744,-0.51227385,-0.57061934,-0.13719638,-0.50789607,-0.5952369,-0.19409186,-0.46796224,-0.6015341,-0.20379311,-0.071725994,1.9038064,-0.21193494,1.4719694,-0.14493872,-0.11223447,-0.09797331,-0.06880294,1.9055086,-0.21766011,1.4732636,-0.1471798,-0.10852055,-0.09228414,-0.06680304,1.9072928,-0.22575206,1.4760149,-0.14959767,-0.10151581,-0.078125924,-0.062497176,1.9732707,0.0655055,1.5607694,-0.15705767,-0.086642735,-0.05193968,0.25809303,2.1238708,0.082304776,1.7196243,-0.17424813,-0.07061991,-0.039075077
-0.7209076,-0.36646974,-0.38011962,-0.71500486,-0.37883437,-0.40116045,-0.69994193,-0.39731625,-0.4340633,-0.68432707,-0.42984,-0.50576687,-0.6107144,-0.13291344,0.61504275,-0.7209076,-0.3664698,-0.38011965,-0.71500486,-0.37883455,-0.40116048,-0.69994193,-0.39731655,-0.43406332,-0.6843271,-0.4298453,-0.50577414,-0.6107145,-0.13292128,0.61502767,-0.52196944,-0.32365406,-0.2486988,-0.36915177,-0.18277712,0.091457605,0.02244474,-0.51905864,-0.32683507,-0.25757658,-0.3711157,-0.18716626,0.10254159,0.025274908,-0.51227385,-0.33144104,-0.27746883,-0.37303567,-0.1944735,0.1163806,0.012712464,-0.5080146,-0.3437527,-0.24468239,-0.3819244,-0.21978809,0.12369315,-0.10760073,-0.46871614,-0.36178264,-0.2376976,-0.39970842,-0.25625378,0.02591757,0.65808594,-0.52196944,-0.5647679,-0.031639494,-0.51905864,-0.56498337,-0.04067744,-0.51227385,-0.57061934,-0.13719638,-0.5080146,-0.5952369,-0.19409186,-0.46871614,-0.60153407,-0.20379311,-0.071725994,-0.32367593,-0.21193494,-0.3321402,-0.14493872,-0.11223447,-0.09797331,-0.06880294,-0.3273475,-0.21766011,-0.33337316,-0.14717968,-0.10852055,-0.09228414,-0.06680304,-0.33207235,-0.22578995,-0.334272,-0.14958742,-0.10151581,-0.078125924,-0.07494377,-0.34099293,-0.15236765,-0.33979076,-0.1644449,-0.08664611,-0.07373393,-0.026779462,-0.3545986,-0.10132692,-0.35346138,-0.1825601,-0.07034369,1.2238617
-0.73585546,0.51404166,-0.38011962,-0.7243403,0.5219849,-0.40116045,-0.70315164,0.52238613,-0.43305415,-0.6844512,1.0219474,0.5671009,-0.613133,1.4030428,0.8147797,-0.73585546,0.5140412,-0.38011965,-0.7243403,0.5219842,-0.40116048,-0.70315164,0.5223848,-0.4330542,-0.6844513,1.0219653,0.5670954,-0.61313313,1.4030516,0.814766,-0.52196944,0.43370247,-0.2486988,0.5604838,-0.18277712,0.091457605,0.02244474,-0.51905864,0.43246785,-0.25757658,0.55865854,-0.18716635,0.10254159,0.025274908,-0.51227385,0.43000603,-0.27736896,0.5591548,-0.19448078,0.1163806,0.012712464,-0.5079569,0.32439983,0.50275296,0.51858526,-0.17160858,0.12369632,-0.08961283,-0.46835658,0.01974361,0.8024357,0.36449656,-0.13142897,0.025523249,-0.21280384,-0.52196944,-0.5647679,-0.031639494,-0.51905864,-0.56498337,-0.04067744,-0.51227385,-0.57061934,-0.13719638,-0.5079569,-0.5952369,-0.19409186,-0.46835658,-0.60153407,-0.20379311,-0.071725994,0.42538893,-0.21193494,0.60067147,-0.14493872,-0.11223447,-0.09797331,-0.06880294,0.4235245,-0.21766011,0.60074246,-0.1471798,-0.10852055,-0.09228414,-0.06680304,0.42098853,-0.22568983,0.6014875,-0.14959767,-0.10151581,-0.078125924,-0.068885624,0.3203883,0.6275461,0.5544429,-0.10551067,-0.086642735,-0.051939685,0.10909345,0.024075199,1.0280349,0.39873183,-0.04951641,-0.07061991,-0.039057646
1.9459819,-0.48961127,-0.38005203,1.9546987,-0.50482655,-0.4010968,1.941048,-0.52619964,-0.43400744,2.0933783,-0.58146447,-0.53974855,0.85094756,-0.5883317,-0.61906,1.9459819,-0.48961127,-0.38005206,1.9546987,-0.50482666,-0.40109685,1.941048,-0.5261998,-0.43400747,2.0933783,-0.5814722,-0.53975594,0.85094744,-0.5883445,-0.6190838,2.6655412,-0.4299498,-0.24840009,-0.4414357,-0.18277712,0.091457605,0.02244474,2.602261,-0.4334056,-0.25624913,-0.44341752,-0.18716626,0.10254159,0.025274904,2.5549996,-0.43833068,-0.27310178,-0.44607836,-0.19447976,0.1163806,0.012712466,2.9026055,-0.44325334,-0.3562485,-0.4530392,-0.22065726,0.12369632,-0.08961282,1.8071587,-0.44134107,-0.42204088,-0.45744693,-0.25922602,0.025523249,-0.21281587,2.6655412,-0.5647679,-0.031639494,2.602261,-0.5649834,-0.04067744,2.5549996,-0.5706194,-0.13719638,2.9026055,-0.595231,-0.19402814,1.8071587,-0.60147053,-0.20317295,-0.071725994,-0.42880785,-0.21193494,-0.40467104,-0.14493872,-0.11223447,-0.09797331,-0.06880294,-0.43273303,-0.21766011,-0.40601146,-0.1471798,-0.10852055,-0.09228414,-0.06680304,-0.4377651,-0.22579007,-0.40758127,-0.14959767,-0.10151581,-0.078125924,-0.080974884,-0.43947235,-0.27216735,-0.41040125,-0.16550897,-0.086642735,-0.05193968,-0.16598767,-0.43355003,-0.30457717,-0.41028395,-0.18572877,-0.07061991,-0.039075077
1.1348742,1.8952366,2.5557954,1.2859454,1.8512198,2.4748328,1.3556716,1.9405444,2.3459787,1.5428022,2.1517806,2.112573,0.84170794,2.298325,2.0903113,1.1348742,1.8952355,2.5557954,1.2859454,1.8512186,2.4748325,1.3556716,1.9405414,2.3459787,1.5428022,2.1518166,2.11257,0.8417078,2.2983437,2.0903065,0.89352185,2.8386416,-0.24869837,2.19657,-0.18277712,0.091457605,0.02244474,0.9253254,2.8435876,-0.25757626,2.1949987,-0.18716635,0.10254159,0.025274908,0.9970096,2.8479345,-0.27708808,2.200631,-0.19448076,0.1163806,0.012712464,1.2784964,2.8583763,-0.28290573,2.2795117,-0.22027099,0.12369632,-0.08961283,1.0151649,2.891172,-0.33855435,2.3788145,-0.25859433,0.025523249,-0.21281587,0.89352185,-0.5647679,-0.031639494,0.9253254,-0.5649834,-0.04067744,0.9970096,-0.5706194,-0.13719638,1.2784964,-0.595233,-0.19404985,1.0151649,-0.6014464,-0.20293623,-0.071725994,2.8039985,-0.21193494,2.2423472,-0.14493872,-0.11223447,-0.09797331,-0.06880294,2.8078723,-0.21766011,2.244723,-0.1471798,-0.10852055,-0.09228414,-0.06680304,2.812287,-0.22579007,2.2492483,-0.14959767,-0.10151581,-0.078125924,-0.082048275,2.8288825,-0.27216738,2.3032684,-0.16550897,-0.086642735,-0.05193968,-0.18970157,2.8743455,-0.30457717,2.381662,-0.18572877,-0.07061991,-0.039075077
-0.73585546,-0.5981833,-0.38011962,-0.7243403,-0.61589205,-0.40116045,-0.70315504,-0.63964915,-0.4340633,-0.68508875,-0.70469815,-0.54647934,-0.6146834,-0.71971005,-0.63250995,-0.73585546,-0.5981832,-0.38011965,-0.7243403,-0.6158921,-0.40116048,-0.70315504,-0.6396492,-0.43406332,-0.6850888,-0.7047078,-0.5464867,-0.6146835,-0.71972424,-0.6325339,-0.52196944,-0.5229584,-0.2486988,-0.6390795,-0.18277712,0.091457605,0.02244474,-0.51905864,-0.5266516,-0.25757658,-0.641091,-0.18716635,0.10254159,0.025274908,-0.51227385,-0.53182185,-0.27746895,-0.64436036,-0.19448078,0.1163806,0.012712464,-0.50808233,-0.5371945,-0.35949323,-0.65777016,-0.22065796,0.12369632,-0.08961283,-0.46914732,-0.53616494,-0.42488948,-0.66995615,-0.2592267,0.025523249,-0.21281587,-0.52196944,1.7709,-0.031639494,-0.51905864,1.7708402,-0.04067744,-0.51227385,1.7697438,-0.13719638,-0.50808233,1.75024,-0.19409186,-0.46914732,1.742565,-0.20379311,-0.071725994,-0.52079827,-0.21193494,-0.6029902,-0.14493872,-0.11223447,-0.09797331,-0.06880294,-0.5249454,-0.21766011,-0.604609,-0.1471798,-0.10852055,-0.09228414,-0.06680304,-0.53024626,-0.22579007,-0.6066355,-0.14959767,-0.10151581,-0.078125924,-0.082048275,-0.53247434,-0.27216738,-0.61371404,-0.16550897,-0.086642735,-0.05193968,-0.18970157,-0.5276771,-0.30457717,-0.6194613,-0.18572877,-0.07061991,-0.039075077
0.7691987,-0.45668265,-0.29524228,0.49234122,-0.475138,-0.32963556,-0.034252845,-0.5008374,-0.3762042,-0.33714187,-0.5552046,-0.45712468,-0.10380884,-0.56364816,-0.5374328,0.7691987,-0.45668268,-0.2952423,0.49234122,-0.47513816,-0.3296356,-0.034252845,-0.50083756,-0.37620425,-0.3371419,-0.5552119,-0.4571319,-0.103808954,-0.5636607,-0.53745604,-0.5179466,1.94027,2.596217,1.4741163,0.22219753,0.091457605,0.02244474,-0.5122268,1.594375,3.5504458,1.1839441,0.5489246,0.10254159,0.025274908,-0.50566053,1.1169398,3.998434,0.7929857,0.7760265,0.116380274,0.012100113,-0.5061443,0.55179495,3.5497956,3.3200884,12.043967,-15.91034,-3.6009777,-0.4653313,-0.09112509,2.166189,4.9904127,11.3723955,2.6467588,0.26946747,-0.5179466,-0.5647679,-0.031639494,-0.5122268,-0.5649834,-0.04067744,-0.50566053,-0.5706194,-0.13719638,-0.5061443,-0.59523696,-0.19409186,-0.4653313,-0.5992977,-0.18199351,-0.039741393,1.9154623,2.6621664,1.5174254,0.44590956,-0.11223447,-0.09797331,-0.0018939844,1.5725304,3.5987954,1.2289476,0.92118394,-0.10852055,-0.09228414,0.05317568,1.1003567,4.0609756,0.8362136,1.2184018,-0.10151581,-0.078125924,0.047732744,0.9006786,3.8957236,0.68622214,1.1220382,-0.086642735,-0.05193968,-0.08674439,0.9032001,3.6274216,0.7012664,1.0001376,-0.07061991,-0.039075077
-0.72270393,-0.5981833,-0.38011962,-0.71454996,-0.6158826,-0.40115872,-0.6965049,-0.6325233,-0.43286505,-0.68222046,-0.6409202,-0.5388565,-0.61244667,-0.40918142,0.047962733,-0.72270393,-0.5981832,-0.38011965,-0.71454996,-0.61588264,-0.40115875,-0.6965049,-0.63252336,-0.4328651,-0.6822205,-0.6409289,-0.53886384,-0.6124468,-0.40919226,0.047943607,-0.52139443,-0.5229584,-0.24869877,-0.6390795,-0.18277712,0.091457605,0.02244474,-0.517499,-0.5266516,-0.25757658,-0.641091,-0.18716635,0.10254159,0.025274908,-0.508656,-0.53182185,-0.27746895,-0.64436036,-0.19448078,0.1163806,0.012712464,-0.50630945,-0.5371945,-0.35949323,-0.65777016,-0.22065796,0.12369632,-0.08961283,-0.468496,-0.53616494,-0.42488948,-0.66995615,-0.2592267,0.025523249,-0.21281587,-0.52139443,-0.5647679,-0.031639494,-0.517499,-0.5649834,-0.04067744,-0.508656,-0.5706194,-0.13719638,-0.50630945,-0.5952369,-0.19409186,-0.468496,-0.60153407,-0.20379311,-0.06715417,-0.52079827,-0.21193491,-0.6029902,-0.14493872,-0.11223447,-0.09797331,-0.053528562,-0.5249454,-0.21766011,-0.604609,-0.1471798,-0.10852055,-0.09228414,-0.0011684054,-0.53024626,-0.22579005,-0.6066355,-0.14959767,-0.10151581,-0.078125924,0.10405672,-0.53247434,-0.27216735,-0.61371404,-0.16550897,-0.086642735,-0.05193968,0.11591776,-0.5276771,-0.30457717,-0.6194613,-0.18572877,-0.07061991,-0.039075077
-0.69162047,-0.27378497,-0.3801196,-0.69652975,-0.28403986,-0.40115973,-0.69304985,-0.30157727,-0.43403673,-0.68367827,-0.34925005,-0.54598176,-0.61314553,-0.409646,-0.6114372,-0.69162047,-0.27378508,-0.38011962,-0.69652975,-0.2840401,-0.4011598,-0.69304985,-0.30157766,-0.43403676,-0.6836783,-0.34925407,-0.5459891,-0.61314565,-0.40965685,-0.611461,-0.52196944,-0.2439323,-0.2486988,-0.1669395,-0.18277712,0.091457605,0.02244474,-0.51905864,-0.24690843,-0.25757658,-0.16887765,-0.18716635,0.10254159,0.025274908,-0.51227385,-0.2512887,-0.27746895,-0.1706649,-0.19448078,0.1163806,0.012712464,-0.50808024,-0.2553321,-0.3594932,-0.16867937,-0.22065796,0.12369632,-0.08961283,-0.46893117,-0.25311527,-0.37125084,-0.16407241,-0.2589381,0.025542919,-0.16478784,-0.52196944,-0.56476784,-0.031639494,-0.51905864,-0.5649833,-0.04067744,-0.51227385,-0.5706193,-0.13719638,-0.50808024,-0.59523684,-0.19409186,-0.46893117,-0.58951706,-0.08680342,-0.071725994,-0.244827,-0.21193494,-0.12923709,-0.14493872,-0.11223447,-0.09797331,-0.06880294,-0.24830833,-0.21766011,-0.13019079,-0.1471798,-0.10852055,-0.09228414,-0.06680304,-0.25280276,-0.22579007,-0.13112642,-0.14959767,-0.10151581,-0.078125924,-0.08182969,-0.25346842,-0.27216735,-0.12803192,-0.16550897,-0.086642735,-0.05193968,-0.10803281,-0.24674368,-0.24633716,-0.12152908,-0.18542118,-0.070606135,0.030572664
1.4539179,0.8583653,2.4794438,1.4310961,1.2794081,2.4964452,1.437348,1.7762111,2.2852983,1.6051195,2.0884845,1.9844837,2.8535302,2.2342331,1.9568008,1.4539179,0.85836464,2.4794438,1.4310961,1.2794071,2.4964452,1.437348,1.7762084,2.2852983,1.6051195,2.0885193,1.9844806,2.8535302,2.234251,1.9567952,-0.52196944,-0.5229584,-0.2486988,-0.6390795,-0.18277712,0.091457605,0.02244474,-0.51905864,-0.5266516,-0.25757658,-0.641091,-0.18716635,0.10254159,0.025274908,-0.51227385,-0.53182185,-0.27746895,-0.64436036,-0.19448078,0.1163806,0.012712464,-0.50808233,-0.5371945,-0.35949323,-0.65777016,-0.22065796,0.12369632,-0.08961283,-0.46914732,-0.53616494,-0.42488948,-0.66995615,-0.2592267,0.025523249,-0.21281587,-0.52196944,1.7736032,-0.031639494,-0.51905864,1.7735435,-0.04067744,-0.51227385,1.7724525,-0.13719638,-0.50808233,1.7529545,-0.19409186,-0.46914732,1.7452779,-0.20379311,-0.071725994,-0.52079827,-0.21193494,-0.6029902,-0.14493872,-0.11223447,-0.09797331,-0.06880294,-0.5249454,-0.21766011,-0.604609,-0.1471798,-0.10852055,-0.09228414,-0.06680304,-0.53024626,-0.22579007,-0.6066355,-0.14959767,-0.10151581,-0.078125924,-0.082048275,-0.53247434,-0.27216738,-0.61371404,-0.16550897,-0.086642735,-0.05193968,-0.18970157,-0.5276771,-0.30457717,-0.6194613,-0.18572877,-0.07061991,-0.039075077
1.1385828,1.965807,2.4883025,1.1564577,2.1548336,2.188346,1.2879361,2.1572993,2.1461723,1.5683459,2.1974347,2.0743542,1.8585029,2.3069355,2.083346,1.1385828,1.9658058,2.4883025,1.1564577,2.1548321,2.1883457,1.2879361,2.1572964,2.1461723,1.5683459,2.1974714,2.074351,1.8585029,2.3069541,2.0833411,0.9369868,2.8386416,-0.24869846,2.19657,-0.18277712,0.091457605,0.02244474,0.99963135,2.8435876,-0.25751218,2.1949987,-0.18716635,0.10254159,0.025274908,1.0702583,2.8479211,-0.25596604,2.2006197,-0.19445622,0.1163806,0.012712464,1.3280185,2.8581376,-0.24607949,2.2793052,-0.21980937,0.12369632,-0.08961283,2.0586588,2.8911848,-0.34032473,2.3788257,-0.25862,0.025523249,-0.21281587,0.9369868,-0.5647679,-0.031639494,0.99963135,-0.5649834,-0.04067744,1.0702583,-0.5706194,-0.13719638,1.3280185,-0.59523696,-0.19409175,2.0586588,-0.6015058,-0.20351677,-0.071725994,2.8039985,-0.21193494,2.2423472,-0.14493872,-0.11223447,-0.09797331,-0.06880294,2.8078723,-0.21766011,2.244723,-0.1471798,-0.10852055,-0.09228414,-0.06680304,2.812287,-0.22579007,2.2492483,-0.14959767,-0.10151581,-0.078125924,-0.082048275,2.8288825,-0.27216738,2.3032684,-0.16550897,-0.086642735,-0.05193968,-0.18970157,2.8743455,-0.30457717,2.381662,-0.18572877,-0.07061991,-0.039075077
-0.73585546,-0.36646974,-0.38011962,-0.7243403,-0.37883437,-0.40116045,-0.70315504,-0.39731675,-0.4340632,-0.68480605,-0.5239238,-0.5389243,-0.6132035,-0.5811988,-0.6222918,-0.73585546,-0.3664698,-0.38011965,-0.7243403,-0.37883455,-0.40116048,-0.70315504,-0.39731705,-0.43406323,-0.68480605,-0.5239306,-0.5389316,-0.61320364,-0.58121157,-0.62231565,-0.52196944,-0.32365406,-0.2486988,-0.3691518,-0.18277712,0.091457605,0.02244474,-0.51905864,-0.32683507,-0.25757658,-0.37112135,-0.18716635,0.10254159,0.025274908,-0.51227385,-0.33144104,-0.27746895,-0.3735434,-0.19448078,0.1163806,0.012712464,-0.5080609,-0.335884,-0.35363024,-0.3779116,-0.22065346,0.12369632,-0.089777134,-0.46879444,-0.3514564,-0.27053455,-0.3924511,-0.2572053,0.025569212,-0.0753993,-0.52196944,-0.5647679,-0.031639494,-0.51905864,-0.56498337,-0.04067744,-0.51227385,-0.57061934,-0.13719638,-0.5080609,-0.5952369,-0.19409186,-0.46879444,-0.60153407,-0.20379311,-0.071725994,-0.32367593,-0.21193494,-0.33214027,-0.14493872,-0.11223447,-0.09797331,-0.06880294,-0.3273475,-0.21766011,-0.33337882,-0.1471798,-0.10852055,-0.09228414,-0.06680304,-0.33207235,-0.22579005,-0.33478165,-0.14959767,-0.10151581,-0.078125924,-0.0797962,-0.33320397,-0.26604965,-0.3358059,-0.16550346,-0.086642735,-0.052138753,-0.056363735,-0.34434956,-0.13698079,-0.34631813,-0.18357427,-0.07058771,0.16019931
1.7128905,-0.48994935,-0.38010406,1.8470759,-0.50508475,-0.4011344,1.9649338,-0.5262739,-0.4340171,1.8420974,-0.5827284,-0.54580396,0.2504988,-0.59126246,-0.6316316,1.7128905,-0.48994935,-0.3801041,1.8470759,-0.5050849,-0.40113443,1.9649338,-0.5262741,-0.43401712,1.8420974,-0.58273613,-0.54581136,0.2504987,-0.5912753,-0.6316555,2.3938503,-0.4299497,-0.24869877,-0.44143564,-0.18277712,0.091457605,0.02244474,2.4810052,-0.43340388,-0.25757653,-0.4434164,-0.18716635,0.10254159,0.025274908,2.5844612,-0.4383108,-0.27746326,-0.44606537,-0.19448078,0.1163806,0.012712464,2.5936208,-0.44324586,-0.35738662,-0.45303416,-0.22065766,0.12369632,-0.08961283,0.87470365,-0.4413398,-0.42219195,-0.45744604,-0.2592261,0.025523249,-0.21281587,2.3938503,-0.5647679,-0.031639494,2.4810052,-0.5649834,-0.04067744,2.5844612,-0.5706194,-0.13719638,2.5936208,-0.5951887,-0.19357559,0.87470365,-0.60140264,-0.20251052,-0.071725994,-0.42880785,-0.21193494,-0.5242654,-0.14493872,-0.11223447,-0.09797331,-0.06880294,-0.43273303,-0.21766011,-0.52577376,-0.1471798,-0.10852055,-0.09228414,-0.06680304,-0.4377651,-0.22579007,-0.52761894,-0.14959767,-0.10151581,-0.078125924,-0.082048275,-0.43947235,-0.27216738,-0.533007,-0.16550897,-0.086642735,-0.05193968,-0.18970157,-0.43355003,-0.30457717,-0.5364263,-0.18572877,-0.07061991,-0.039075077
1.3600535,2.674859,1.0976461,1.3891454,2.4409227,1.5692945,1.3515195,2.1568606,1.9528513,1.5870507,2.127109,1.9527886,2.8450103,2.2385488,1.953363,1.3600535,2.6748574,1.097646,1.3891454,2.4409213,1.5692943,1.3515195,2.1568577,1.9528513,1.5870507,2.1271446,1.9527854,2.8450103,2.2385666,1.9533572,1.6175104,2.75892,-0.24869862,2.1293213,-0.18277712,0.091457605,0.02244474,1.4113531,2.7636611,-0.25757557,2.1277397,-0.18716635,0.10254159,0.025274908,1.1603247,2.7677813,-0.27216592,2.13316,-0.19447927,0.1163806,0.012712464,1.3422276,2.77771,-0.26164845,2.2097325,-0.22002636,0.12369632,-0.08961283,3.0710309,2.8099017,-0.34202424,2.3065207,-0.25864413,0.025523249,-0.21281587,1.6175104,-0.5647679,-0.031639494,1.4113531,-0.5649834,-0.04067744,1.1603247,-0.5706194,-0.13719638,1.3422276,-0.59523696,-0.19409186,3.0710309,-0.601529,-0.20374355,-0.071725994,2.7251494,-0.21193494,2.1748688,-0.14493872,-0.11223447,-0.09797331,-0.06880294,2.7288332,-0.21766011,2.17715,-0.1471798,-0.10852055,-0.09228414,-0.06680304,2.7330174,-0.22579007,2.1815197,-0.14959767,-0.10151581,-0.078125924,-0.082048275,2.7491665,-0.27216738,2.2340908,-0.16550897,-0.086642735,-0.05193968,-0.18970157,2.7936652,-0.30457717,2.310489,-0.18572877,-0.07061991,-0.039075077
0.7241446,-0.5981833,-0.38011962,0.36109313,-0.61589205,-0.40116045,0.10642334,-0.6396489,-0.4340632,0.12467463,-0.7045693,-0.5464529,0.62139225,-0.7195288,-0.63247734,0.7241446,-0.5981832,-0.38011965,0.36109313,-0.6158921,-0.40116048,0.10642334,-0.639649,-0.43406323,0.12467459,-0.70457894,-0.5464603,0.62139213,-0.719543,-0.6325013,-0.52196944,-0.5229584,-0.2486988,-0.6390795,-0.18277712,0.091457605,0.02244474,-0.51905864,-0.5266516,-0.25757658,-0.641091,-0.18716635,0.10254159,0.025274908,-0.51227385,-0.53182185,-0.27746895,-0.64436036,-0.19448078,0.1163806,0.012712464,-0.50808233,-0.5371945,-0.35949323,-0.65777016,-0.22065796,0.12369632,-0.08961283,-0.46914732,-0.53616494,-0.42488948,-0.66995615,-0.2592267,0.025523249,-0.21281587,-0.52196944,1.7735987,-0.031639494,-0.51905864,1.7735388,-0.04067744,-0.51227385,1.7724478,-0.13719638,-0.50808233,1.75295,-0.19409186,-0.46914732,1.7452734,-0.20379311,-0.071725994,-0.52079827,-0.21193494,-0.6029902,-0.14493872,-0.11223447,-0.09797331,-0.06880294,-0.5249454,-0.21766011,-0.604609,-0.1471798,-0.10852055,-0.09228414,-0.06680304,-0.53024626,-0.22579007,-0.6066355,-0.14959767,-0.10151581,-0.078125924,-0.082048275,-0.53247434,-0.27216738,-0.61371404,-0.16550897,-0.086642735,-0.05193968,-0.18970157,-0.5276771,-0.30457717,-0.6194613,-0.18572877,-0.07061991,-0.039075077
-0.73585546,-0.5981833,-0.3801196,-0.72434,-0.61586285,-0.40110597,-0.70299655,-0.5833215,-0.3344997,-0.6845797,0.1079659,0.3971786,-0.6140079,0.44367468,0.58088255,-0.73585546,-0.5981832,-0.38011962,-0.72434,-0.6158629,-0.40110603,-0.70299655,-0.5833216,-0.33449972,-0.68457973,0.10796922,0.3971728,-0.614008,0.44367307,0.5808672,-0.52196944,-0.5229584,-0.2486988,-0.4998031,-0.18277712,0.091457605,0.02244474,-0.51905864,-0.5266516,-0.25757658,-0.5017929,-0.18716635,0.10254159,0.025274908,-0.51227385,-0.53182185,-0.27746895,-0.50462514,-0.19448078,0.1163806,0.012712464,-0.5080754,-0.5371945,-0.35949323,-0.5134935,-0.22065796,0.12369632,-0.08961283,-0.46896917,-0.5361641,-0.42064807,-0.5201975,-0.25922477,0.025534436,3.713476,-0.52196944,-0.56476784,-0.031639494,-0.51905864,-0.5649833,-0.04067744,-0.51227385,-0.5706193,-0.13719638,-0.5080754,-0.59523684,-0.19409186,-0.46896917,-0.601534,-0.20379311,-0.071725994,-0.52079827,-0.21193494,-0.46323794,-0.14493872,-0.11223447,-0.09797331,-0.06880294,-0.5249454,-0.21766011,-0.46466056,-0.1471798,-0.10852055,-0.09228414,-0.06680304,-0.53024626,-0.22579007,-0.46636525,-0.14959767,-0.10151581,-0.078125924,-0.08132718,-0.53247434,-0.27216738,-0.47044283,-0.16550897,-0.086642735,-0.05193968,-0.12238941,-0.5276771,-0.30457717,-0.47205746,-0.18572877,-0.07061991,-0.039075077
1.2785606,-0.48989618,-0.38009587,1.6273123,-0.5050401,-0.40112785,1.9779607,-0.5262837,-0.43402123,1.9612018,-0.5828405,-0.5459802,0.3659158,-0.5913331,-0.63174963,1.2785606,-0.48989618,-0.3800959,1.6273123,-0.5050402,-0.4011279,1.9779607,-0.52628386,-0.43402126,1.9612018,-0.58284825,-0.54598755,0.3659157,-0.5913459,-0.6317736,1.8759817,-0.4299497,-0.24858338,-0.44143564,-0.18277712,0.091457605,0.02244474,2.2239492,-0.4334044,-0.25684148,-0.44341674,-0.18716632,0.10254159,0.025274908,2.5994484,-0.43832344,-0.2739838,-0.44607365,-0.19448014,0.1163806,0.012712463,2.7407203,-0.4432544,-0.3561184,-0.4530399,-0.22065721,0.12369632,-0.08961283,1.0542527,-0.44134375,-0.4217408,-0.4574488,-0.25922588,0.025523249,-0.21281587,1.8759817,-0.5647679,-0.031639494,2.2239492,-0.5649834,-0.04067744,2.5994484,-0.5706194,-0.13719638,2.7407203,-0.59520227,-0.19372043,1.0542527,-0.60142136,-0.20269322,-0.071725994,-0.42880785,-0.21193494,-0.5242654,-0.14493872,-0.11223447,-0.09797331,-0.06880294,-0.43273303,-0.21766011,-0.52577376,-0.1471798,-0.10852055,-0.09228414,-0.06680304,-0.4377651,-0.22579007,-0.52761894,-0.14959767,-0.10151581,-0.078125924,-0.082048275,-0.43947235,-0.27216738,-0.533007,-0.16550897,-0.086642735,-0.05193968,-0.18970157,-0.43355003,-0.30457717,-0.5364263,-0.18572877,-0.07061991,-0.039075077
-0.73585546,-0.5518402,-0.3801194,-0.72433704,-0.56835175,-0.40109354,-0.7025918,-0.5536718,-0.41674826,-0.6820022,-0.5417048,-0.503457,-0.6087282,-0.585606,-0.60017675,-0.73585546,-0.5518402,-0.3801194,-0.72433704,-0.5683518,-0.4010936,-0.7025918,-0.5536719,-0.41674832,-0.68200225,-0.54171187,-0.5034643,-0.6087283,-0.58561873,-0.6002005,-0.52196944,-0.48309723,-0.24722607,-0.452251,-0.182777,0.091457605,0.02244474,-0.51905674,-0.48658544,-0.23160331,-0.45417044,-0.18713209,0.10254159,0.02527508,-0.51205033,-0.4602226,0.15205295,-0.4312642,-0.18457957,0.11627819,-0.017737782,-0.5055679,-0.38127086,0.3389901,-0.30474588,-0.18709438,0.07066748,-2.4193974,-0.4620064,-0.42250335,0.09806563,-0.32264248,-0.23395927,0.015378593,-0.52795935,-0.52196944,-0.5647679,-0.031639494,-0.51905674,-0.5649834,-0.04067744,-0.51205033,-0.5706194,-0.13719638,-0.5055679,-0.59523696,-0.19409186,-0.4620064,-0.6015341,-0.20379311,-0.071725994,-0.4813738,-0.21193494,-0.2524878,-0.14493872,-0.11223447,-0.09797331,-0.06880294,-0.4854258,-0.21766008,-0.25361454,-0.1471798,-0.10852055,-0.09228414,-0.06673689,-0.49061146,-0.22579007,-0.25483418,-0.14959763,-0.10151581,-0.078125924,-0.029589789,-0.49261633,-0.27216735,-0.2771881,-0.1607164,-0.086642735,-0.051939696,0.46377102,-0.48729515,-0.29927453,-0.29776308,-0.17804222,-0.07064346,-0.23005694
1.3077452,1.7419926,2.4930573,1.4088911,1.71907,2.386774,1.412377,1.8360851,2.2464917,1.5783534,2.0741372,1.9957715,1.6785197,2.2150414,1.9718316,1.3077452,1.7419915,2.4930573,1.4088911,1.7190688,2.386774,1.412377,1.8360823,2.2464917,1.5783534,2.074172,1.9957684,1.6785197,2.215059,1.971826,0.96437764,2.75892,-0.24869862,2.1293213,-0.18277712,0.091457605,0.02244474,0.9666341,2.7636611,-0.25757658,2.1277397,-0.18716635,0.10254159,0.025274908,1.0118562,2.7677822,-0.27746862,2.1331608,-0.19448078,0.1163806,0.012712464,1.3004982,2.77799,-0.3200926,2.209975,-0.22055554,0.12369632,-0.08961283,1.8586975,2.809971,-0.3524959,2.3065825,-0.2587821,0.025523249,-0.21281587,0.96437764,-0.5647679,-0.031639494,0.9666341,-0.5649834,-0.04067744,1.0118562,-0.5706194,-0.13719638,1.3004982,-0.5952369,-0.1940914,1.8586975,-0.6014984,-0.20344484,-0.071725994,2.7251494,-0.21193494,2.1748688,-0.14493872,-0.11223447,-0.09797331,-0.06880294,2.7288332,-0.21766011,2.17715,-0.1471798,-0.10852055,-0.09228414,-0.06680304,2.7330174,-0.22579007,2.1815197,-0.14959767,-0.10151581,-0.078125924,-0.082048275,2.7491665,-0.27216738,2.2340908,-0.16550897,-0.086642735,-0.05193968,-0.18970157,2.7936652,-0.30457717,2.310489,-0.18572877,-0.07061991,-0.039075077
-0.73585546,1.4872385,-0.38011962,-0.7243403,1.5176271,-0.40116045,-0.70315504,1.5413451,-0.43406004,-0.68482965,1.2227378,-0.06303947,-0.61342585,0.6322008,0.12647697,-0.73585546,1.4872376,-0.38011965,-0.7243403,1.517626,-0.40116048,-0.70315504,1.5413426,-0.4340601,-0.6848297,1.2227589,-0.06304601,-0.61342597,0.63220125,0.1264584,-0.52196944,1.2707807,-0.2486988,1.4427717,-0.18277712,0.091457605,0.02244474,-0.51905864,1.2716974,-0.25757658,1.4410833,-0.18716635,0.10254159,0.025274908,-0.51227385,1.2716055,-0.27746895,1.4443493,-0.19448078,0.1163806,0.012712464,-0.50798917,1.274778,-0.35949314,1.4988235,-0.22065796,0.12369632,-0.08961283,-0.4686658,1.2928178,-0.42488933,1.5685661,-0.2592267,0.025523249,-0.21281587,-0.52196944,-0.5647679,-0.031639494,-0.51905864,-0.56498337,-0.04067744,-0.51227385,-0.57061934,-0.13719638,-0.50798917,-0.5952369,-0.19409186,-0.4686658,-0.60153407,-0.20379311,-0.071725994,1.2533027,-0.21193494,1.4859736,-0.14493872,-0.11223447,-0.09797331,-0.06880294,1.2534356,-0.21766011,1.4872875,-0.1471798,-0.10852055,-0.09228414,-0.06680304,1.2533189,-0.22579007,1.490071,-0.14959767,-0.10151581,-0.078125924,-0.072269194,1.261135,-0.2721673,1.5278496,-0.16550897,-0.086642735,-0.05193968,-0.0077607953,1.2876314,-0.30457702,1.5838757,-0.18572877,-0.07061991,-0.039075077
-0.7210042,1.4872385,-0.38011962,-0.7150411,1.5176271,-0.40116045,-0.69994605,1.5413461,-0.43406165,-0.6843326,1.1468408,-0.049081825,-0.6130717,0.48784986,0.0800661,-0.7210042,1.4872376,-0.38011965,-0.7150411,1.517626,-0.40116048,-0.69994605,1.5413436,-0.43406168,-0.68433267,1.1468607,-0.04908834,-0.6130718,0.48784876,0.080047205,-0.52196944,1.2707807,-0.2486988,1.4427717,-0.18277712,0.091457605,0.02244474,-0.51905864,1.2716974,-0.25757658,1.4410833,-0.18716635,0.10254159,0.025274908,-0.51227385,1.2716055,-0.27746895,1.4443493,-0.19448078,0.1163806,0.012712464,-0.50798905,1.274778,-0.3594931,1.4988235,-0.22065796,0.12369632,-0.08961283,-0.46866542,1.2928178,-0.42488948,1.5685661,-0.2592267,0.025523249,-0.21281587,-0.52196944,-0.5647679,-0.031639494,-0.51905864,-0.56498337,-0.04067744,-0.51227385,-0.57061934,-0.13719638,-0.50798905,-0.5952369,-0.19409186,-0.46866542,-0.60153407,-0.20379311,-0.071725994,1.2533027,-0.21193494,1.4859736,-0.14493872,-0.11223447,-0.09797331,-0.06880294,1.2534356,-0.21766011,1.4872875,-0.1471798,-0.10852055,-0.09228414,-0.06680304,1.2533189,-0.22579007,1.490071,-0.14959767,-0.10151581,-0.078125924,-0.072260335,1.261135,-0.27216724,1.5278496,-0.16550897,-0.086642735,-0.05193968,-0.007615084,1.2876314,-0.30457717,1.5838757,-0.18572877,-0.07061991,-0.039075077
-0.72766465,1.192084,0.6087575,-0.71615154,1.110716,0.6240892,-0.69835705,1.0839814,0.5973656,-0.68426543,0.99764013,0.608754,-0.6139372,0.8109907,1.283582,-0.72766465,1.1920832,0.6087575,-0.71615154,1.110715,0.6240892,-0.69835705,1.0839795,0.59736556,-0.68426543,0.99765766,0.60874856,-0.6139373,0.8109931,1.2835716,-0.512211,1.0169088,2.923064,1.7095921,0.32059643,0.091457605,0.02244474,-0.5094957,0.9287109,2.977966,1.6632684,0.34424007,0.10254159,0.025274908,-0.50669694,0.8934201,2.9061158,1.6503011,0.34351134,0.1163806,0.012712464,-0.50720364,0.91681176,2.6623302,1.6750373,0.3869927,0.07217276,-0.27066195,-0.46829033,0.9673614,3.2345502,1.3863456,1.0292623,-1.8158804,-1.2616378,-0.512211,-0.5647679,-0.031639494,-0.5094957,-0.5649834,-0.04067744,-0.50669694,-0.5706194,-0.13719638,-0.50720364,-0.5952369,-0.19409186,-0.46829033,-0.60153407,-0.20379311,0.0058602192,1.0022101,2.9923663,1.7537057,0.58947116,-0.11223447,-0.09797331,0.024854945,0.91425747,3.0250478,1.71051,0.6241044,-0.10852055,-0.09228414,0.03437435,0.87929875,2.9658823,1.6968113,0.60874075,-0.10151581,-0.078125924,0.010185433,0.9067965,2.8809636,1.702835,0.57778287,-0.14150962,-0.27129984,0.13412115,0.96460825,3.6687906,1.4045194,1.1875986,-1.3605678,-1.5600222
1.4648509,-0.48997596,-0.38010815,1.6213689,-0.505111,-0.4011382,1.8183676,-0.5262627,-0.4339702,2.0185611,-0.5820536,-0.54331356,1.159946,-0.5889554,-0.62213004,1.4648509,-0.489976,-0.38010818,1.6213689,-0.5051111,-0.40113825,1.8183676,-0.5262628,-0.43397027,2.0185611,-0.58206135,-0.54332095,1.159946,-0.58896816,-0.62215394,2.0988786,-0.4299497,-0.24869874,-0.44143564,-0.18277712,0.091457605,0.02244474,2.2180538,-0.43340388,-0.25757653,-0.4434164,-0.18716635,0.10254159,0.025274908,2.414426,-0.4383108,-0.2773366,-0.44606537,-0.19448078,0.1163806,0.012712464,2.8112054,-0.4432499,-0.35671425,-0.45303684,-0.22065747,0.12369632,-0.08961283,2.287522,-0.4413407,-0.4220787,-0.4574467,-0.25922605,0.025523249,-0.21281587,2.0988786,-0.5647679,-0.031639494,2.2180538,-0.5649834,-0.04067744,2.414426,-0.5706194,-0.13719638,2.8112054,-0.59523493,-0.19407016,2.287522,-0.6014871,-0.20333456,-0.071725994,-0.42880785,-0.21193494,-0.40467104,-0.14493872,-0.11223447,-0.09797331,-0.06880294,-0.43273303,-0.21766011,-0.40601146,-0.1471798,-0.10852055,-0.09228414,-0.06680304,-0.4377651,-0.22579007,-0.40758127,-0.14959767,-0.10151581,-0.078125924,-0.081036404,-0.43947235,-0.27216735,-0.41040125,-0.16550897,-0.086642735,-0.05193968,-0.1661272,-0.43355003,-0.30457717,-0.41028395,-0.18572877,-0.07061991,-0.039075077
-0.73585546,1.8734276,-0.38011962,-0.7243403,1.9127233,-0.40116045,-0.70315504,1.9452353,-0.4340633,-0.685069,1.9643003,-0.3803038,-0.614122,0.57683283,0.52758425,-0.73585546,1.8734266,-0.38011965,-0.7243403,1.912722,-0.40116048,-0.70315504,1.9452324,-0.43406332,-0.6850691,1.9643333,-0.3803109,-0.6141221,0.57683265,0.5275685,-0.52196944,1.6029546,-0.2486988,2.0363007,-0.18277712,0.091457605,0.02244474,-0.51905864,1.604725,-0.25757658,2.0347044,-0.18716635,0.10254159,0.025274908,-0.51227385,1.6055734,-0.27746895,2.0398338,-0.19448078,0.1163806,0.012712464,-0.50806785,1.5760138,0.42394492,2.0821223,-0.16681212,0.12373432,-0.088842355,-0.46849394,0.71307784,2.3575392,1.3240755,0.6299882,0.18592523,-0.09182186,-0.52196944,-0.56476784,-0.031639494,-0.51905864,-0.5649833,-0.04067744,-0.51227385,-0.5706193,-0.13719638,-0.50806785,-0.59523684,-0.19409186,-0.46849394,-0.60151726,-0.20362933,-0.071725994,1.5818399,-0.21193494,2.0815306,-0.14493872,-0.11223447,-0.09797331,-0.06880294,1.5827655,-0.21766011,2.0836804,-0.1471798,-0.10852055,-0.09228414,-0.06680304,1.5836087,-0.22579007,2.0878353,-0.14959767,-0.10151581,-0.078125924,-0.08053305,1.559318,0.5453136,2.1070828,-0.09964354,-0.08660228,-0.051006168,0.05717534,0.71224225,2.71654,1.3432633,0.7620185,0.041620396,0.13619202
-0.73585546,-0.5981833,-0.38011962,-0.7243403,-0.61589205,-0.40116045,-0.70315504,-0.63964915,-0.4340633,-0.68508875,-0.70469815,-0.54647934,-0.6146834,-0.71971005,-0.63250995,-0.73585546,-0.5981832,-0.38011965,-0.7243403,-0.6158921,-0.40116048,-0.70315504,-0.6396492,-0.43406332,-0.6850888,-0.7047078,-0.5464867,-0.6146835,-0.71972424,-0.6325339,-0.52196944,-0.5229584,-0.2486988,-0.6390795,-0.18277712,0.091457605,0.02244474,-0.51905864,-0.5266516,-0.25757658,-0.641091,-0.18716635,0.10254159,0.025274908,-0.51227385,-0.53182185,-0.27746895,-0.64436036,-0.19448078,0.1163806,0.012712464,-0.50808233,-0.5371945,-0.35949323,-0.65777016,-0.22065796,0.12369632,-0.08961283,-0.46914732,-0.53616494,-0.42488948,-0.66995615,-0.2592267,0.025523249,-0.21281587,-0.52196944,1.7709,-0.031639494,-0.51905864,1.7708402,-0.04067744,-0.51227385,1.7697438,-0.13719638,-0.50808233,1.75024,-0.19409186,-0.46914732,1.742565,-0.20379311,-0.071725994,-0.52079827,-0.21193494,-0.6029902,-0.14493872,-0.11223447,-0.09797331,-0.06880294,-0.5249454,-0.21766011,-0.604609,-0.1471798,-0.10852055,-0.09228414,-0.06680304,-0.53024626,-0.22579007,-0.6066355,-0.14959767,-0.10151581,-0.078125924,-0.082048275,-0.53247434,-0.27216738,-0.61371404,-0.16550897,-0.086642735,-0.05193968,-0.18970157,-0.5276771,-0.30457717,-0.6194613,-0.18572877,-0.07061991,-0.039075077
-0.73585546,-0.5981833,-0.38011962,-0.72434,-0.61588395,-0.40115857,-0.7030585,-0.6306938,-0.43215507,-0.6840429,-0.4751288,-0.5305611,-0.6128386,-0.44448948,-0.618538,-0.73585546,-0.5981832,-0.38011965,-0.72434,-0.615884,-0.40115863,-0.7030585,-0.63069385,-0.43215513,-0.68404293,-0.47513482,-0.5305684,-0.61283875,-0.4445007,-0.61856186,-0.52196944,-0.5229584,-0.2485656,-0.4998031,-0.18277712,0.091457605,0.022445027,-0.51905835,-0.5266448,-0.25322503,-0.5017843,-0.1871649,0.10254159,0.02556574,-0.5121618,-0.5244275,-0.140643,-0.49566975,-0.19305156,0.11661312,0.2714383,-0.50759274,-0.43119484,-0.0054622106,-0.3686268,-0.2042117,0.14347388,1.3127474,-0.4680303,-0.42231265,-0.1081816,-0.35398123,-0.23997872,0.072523974,1.6224673,-0.52196944,-0.5647679,-0.031639494,-0.51905835,-0.5649834,-0.04067744,-0.5121618,-0.5706194,-0.13719638,-0.50759274,-0.59523696,-0.19409186,-0.4680303,-0.6015341,-0.20379311,-0.071725994,-0.52079827,-0.21193494,-0.46323794,-0.14493872,-0.11223447,-0.09797331,-0.06880294,-0.5249454,-0.21766011,-0.46466056,-0.1471798,-0.10852055,-0.09228414,-0.06680304,-0.53024626,-0.22579007,-0.46636525,-0.14959767,-0.10151581,-0.078125924,-0.07502914,-0.53247434,-0.27216735,-0.47044283,-0.16550897,-0.086642735,-0.05193968,0.0020350914,-0.5276771,-0.30457717,-0.47205746,-0.18572877,-0.07061991,-0.039075077
0.430844,-0.48869765,-0.37991247,0.30056626,-0.50389177,-0.40096357,-0.0046445047,-0.5245244,-0.4314454,-0.34475264,-0.55168676,-0.42824742,-0.106962286,-0.5661226,-0.54671866,0.430844,-0.48869765,-0.3799125,0.30056626,-0.5038919,-0.4009636,-0.0046445047,-0.52452457,-0.43144545,-0.3447527,-0.551694,-0.42825457,-0.1069624,-0.5661351,-0.54674196,-0.5219689,-0.4299497,-0.2486988,-0.5606228,-0.18277712,0.091457605,0.02244474,-0.5190376,-0.43340388,-0.25757658,-0.5626221,-0.18716635,0.10254159,0.025274908,-0.51180875,-0.4383108,-0.27746895,-0.5656452,-0.19448078,0.1163806,0.012712464,-0.5077295,-0.44324037,-0.35949323,-0.5764967,-0.22065796,0.12369632,-0.08961283,-0.4690579,-0.4413288,-0.42488948,-0.58559513,-0.2592267,0.025523249,-0.21281587,-0.5219689,-0.5646979,-0.025674189,-0.5190376,-0.56047994,0.31045476,-0.51180875,-0.31142586,6.8597083,-0.5077295,0.455794,6.012795,-0.4690579,0.5583081,5.5133934,-0.071721755,-0.42880785,-0.21193494,-0.5242654,-0.14493872,-0.11223447,-0.09797331,-0.06859667,-0.43273303,-0.21766011,-0.52577376,-0.1471798,-0.10852055,-0.09228414,-0.05836439,-0.4377651,-0.22579007,-0.52761894,-0.14959767,-0.10151581,-0.078125924,-0.045011975,-0.43947235,-0.27216735,-0.533007,-0.16550897,-0.086642735,-0.05193968,-0.15591142,-0.43355003,-0.30457717,-0.5364263,-0.18572877,-0.07061991,-0.039075077
-0.73542804,-0.5981833,-0.38011962,-0.723234,-0.61589205,-0.40116045,-0.70157576,-0.6396446,-0.4340625,-0.6841634,-0.62728065,-0.53454334,-0.6108402,-0.10529874,0.869539,-0.73542804,-0.5981832,-0.38011965,-0.723234,-0.6158921,-0.40116048,-0.70157576,-0.6396446,-0.43406254,-0.68416345,-0.6272891,-0.53455067,-0.6108403,-0.10530628,0.86952573,-0.5214603,-0.5229584,-0.2486988,-0.6390795,-0.18277712,0.091457605,0.02244474,-0.51776665,-0.5266516,-0.25757658,-0.641091,-0.18716635,0.10254159,0.025274908,-0.5104394,-0.53182185,-0.27746895,-0.64436036,-0.19448078,0.1163806,0.012712464,-0.50767756,-0.5371945,-0.35949323,-0.65777016,-0.22065796,0.12369632,-0.08961283,-0.46884677,-0.53616494,-0.42488948,-0.66995615,-0.2592267,0.025523249,-0.21281587,-0.5214603,-0.5647679,-0.031639494,-0.51776665,-0.56498337,-0.04067744,-0.5104394,-0.5706193,-0.13719638,-0.50767756,-0.5952368,-0.19409186,-0.46884677,-0.601534,-0.20379311,-0.06767751,-0.52079827,-0.21193494,-0.6029902,-0.14493872,-0.11223447,-0.09797331,-0.056149423,-0.5249454,-0.21766011,-0.604609,-0.1471798,-0.10852055,-0.09228414,-0.0335215,-0.53024626,-0.22579005,-0.6066355,-0.14959767,-0.10151581,-0.078125924,-0.039555095,-0.53247434,-0.27216738,-0.61371404,-0.16550897,-0.086642735,-0.05193968,-0.0025416845,-0.5276771,-0.30457717,-0.6194613,-0.18572877,-0.07061991,-0.039075077
-0.70597106,-0.36646992,-0.3801196,-0.7056685,-0.3788573,-0.4011582,-0.69644225,-0.4010537,-0.43372792,-0.6829378,-0.5282523,-0.5426787,-0.6102195,-0.29418558,0.3626804,-0.70597106,-0.36646998,-0.38011962,-0.7056685,-0.3788575,-0.40115824,-0.69644225,-0.401054,-0.43372795,-0.6829378,-0.5282592,-0.54268605,-0.6102196,-0.29419518,0.3626635,-0.52196944,-0.32365406,-0.2486988,-0.3691518,-0.18277712,0.091457605,0.02244474,-0.51905864,-0.32683507,-0.25757658,-0.37112135,-0.18716635,0.10254159,0.025274908,-0.51227385,-0.33144104,-0.27746895,-0.3735434,-0.19448078,0.1163806,0.012712464,-0.5080607,-0.3358652,-0.35819963,-0.37815157,-0.22065787,0.12369632,-0.08963804,-0.46881914,-0.34743804,-0.28683338,-0.38978195,-0.25760967,0.025481757,-0.37569022,-0.52196944,-0.5647679,-0.031639494,-0.51905864,-0.56498337,-0.04067744,-0.51227385,-0.57061934,-0.13719638,-0.5080607,-0.5952369,-0.19409186,-0.46881914,-0.60153407,-0.20379311,-0.071725994,-0.32367593,-0.21193494,-0.33214027,-0.14493872,-0.11223447,-0.09797331,-0.06880294,-0.3273475,-0.21766011,-0.33337882,-0.1471798,-0.10852055,-0.09228414,-0.06680304,-0.33207235,-0.22579007,-0.33478165,-0.14959767,-0.10151581,-0.078125924,-0.0797795,-0.33318534,-0.27081755,-0.3360442,-0.16550882,-0.086642735,-0.05197022,-0.06569549,-0.34036127,-0.15467784,-0.34369093,-0.18400526,-0.070648976,-0.27526703
-0.6063193,0.010383549,1.1073096,-0.6415628,0.0035783884,1.015827,-0.6618545,0.07306065,1.3390334,-0.65475065,0.24295107,1.8772048,-0.60508597,0.15644655,1.5079445,-0.6063193,0.010383309,1.1073095,-0.6415628,0.003578025,1.015827,-0.6618545,0.07305983,1.3390334,-0.65475065,0.24295653,1.8772016,-0.6050861,0.15644184,1.5079356,-0.36764973,0.000476243,3.641377,2.0672097,8.8045845,-1.5201391,-0.7739867,-0.42250252,-0.004781377,3.5480828,2.0557504,8.536303,-1.2509633,-0.6455814,-0.46512476,0.054109484,3.9307249,1.6956891,7.10731,-1.1734351,-0.5430744,-0.47212923,0.20622642,4.2583065,0.99668103,3.6644595,-1.5081508,-0.64542013,-0.4565204,0.18219219,3.685591,0.8987437,3.289793,-0.4606196,-0.3194731,-0.36764973,-0.5647679,-0.031639494,-0.42250252,-0.5649834,-0.04067744,-0.46512476,-0.5706194,-0.13719638,-0.47212923,-0.59523696,-0.19409186,-0.4565204,-0.6015341,-0.20379311,0.20791976,0.7971393,5.8700995,0.58283144,2.5009372,-0.11223447,-0.09797331,0.14313617,0.7920161,5.6920466,0.5794602,2.4145339,-0.10852055,-0.09228414,0.06836979,0.786389,5.5141964,0.5767337,2.303123,-0.10151581,-0.078125924,0.009156218,0.7896914,5.229565,0.5933999,2.0780082,-0.086642735,-0.05193968,-0.120700456,0.8102936,4.885267,0.6223103,1.8802105,-0.07061991,-0.039075077
1.5513291,-0.4899105,-0.380098,1.6722909,-0.50504375,-0.40112767,1.2296623,-0.52620333,-0.43400866,-0.3171099,-0.58279306,-0.5463899,-0.5497218,-0.59135604,-0.63241136,1.5513291,-0.4899105,-0.380098,1.6722909,-0.50504386,-0.4011277,1.2296623,-0.5262035,-0.43400872,-0.31710994,-0.5828008,-0.5463972,-0.5497219,-0.5913689,-0.6324353,2.2008688,-0.4299497,-0.24869874,-0.44143564,-0.18277712,0.091457605,0.02244474,2.276215,-0.43340388,-0.25757656,-0.4434164,-0.18716635,0.10254159,0.025274908,1.7289035,-0.4383108,-0.2774689,-0.44606537,-0.19448078,0.1163806,0.012712464,-0.057131104,-0.44324037,-0.35949314,-0.45303047,-0.22065796,0.12369632,-0.08961283,-0.36839876,-0.4413288,-0.4248894,-0.4574384,-0.2592267,0.025523249,-0.21281587,2.2008688,-0.5647484,-0.029978039,2.276215,-0.5648163,-0.0276235,1.7289035,-0.5695912,-0.10599692,-0.057131104,-0.5932605,-0.17296109,-0.36839876,-0.5994396,-0.18337569,-0.071725994,-0.42880785,-0.21193494,-0.5242654,-0.14493872,-0.11223447,-0.09797331,-0.06880294,-0.43273303,-0.21766011,-0.52577376,-0.1471798,-0.10852055,-0.09228414,-0.06680304,-0.4377651,-0.22579007,-0.52761894,-0.14959767,-0.10151581,-0.078125924,-0.082048275,-0.43947235,-0.27216738,-0.533007,-0.16550897,-0.086642735,-0.05193968,-0.18970157,-0.43355003,-0.30457717,-0.5364263,-0.18572877,-0.07061991,-0.039075077
-0.7353322,-0.5981833,-0.38011962,-0.7229458,-0.61589205,-0.40116045,-0.7000132,-0.6396263,-0.4340595,-0.6829036,-0.65611935,-0.5407376,-0.6130229,-0.56506234,-0.49883947,-0.7353322,-0.5981832,-0.38011965,-0.7229458,-0.6158921,-0.40116048,-0.7000132,-0.6396263,-0.43405953,-0.68290365,-0.6561282,-0.54074496,-0.61302304,-0.5650749,-0.49886248,-0.5213461,-0.5229584,-0.24869877,-0.6390795,-0.18277712,0.091457605,0.02244474,-0.5174301,-0.5266516,-0.25757658,-0.641091,-0.18716635,0.10254159,0.025274908,-0.5086273,-0.53182185,-0.27746895,-0.64436036,-0.19448078,0.1163806,0.012712464,-0.5063089,-0.5371945,-0.3594932,-0.65777016,-0.22065796,0.12369632,-0.08961283,-0.468496,-0.53616494,-0.42488942,-0.66995615,-0.2592267,0.025523249,-0.21281587,-0.5213461,-0.5647679,-0.031639494,-0.5174301,-0.5649834,-0.04067744,-0.5086273,-0.5706194,-0.13719638,-0.5063089,-0.5952369,-0.19409186,-0.468496,-0.60153407,-0.20379311,-0.0667698,-0.52079827,-0.21193491,-0.6029902,-0.14493872,-0.11223447,-0.09797331,-0.052853692,-0.5249454,-0.21766011,-0.604609,-0.1471798,-0.10852055,-0.09228414,-0.00064754084,-0.53024626,-0.22579005,-0.6066355,-0.14959767,-0.10151581,-0.078125924,0.10410679,-0.53247434,-0.27216735,-0.61371404,-0.16550897,-0.086642735,-0.05193968,0.05889976,-0.5276771,-0.30457717,-0.6194613,-0.18572877,-0.07061991,-0.039075077
0.084307216,-0.4896448,-0.3800572,0.01840234,-0.5045213,-0.40105343,-0.1829043,-0.5248657,-0.43360063,-0.37546062,-0.55388004,-0.44175532,-0.11036106,-0.56353766,-0.53584665,0.084307216,-0.4896448,-0.38005722,0.01840234,-0.5045214,-0.4010535,-0.1829043,-0.52486587,-0.43360066,-0.37546062,-0.5538873,-0.4417625,-0.110361174,-0.5635502,-0.5358699,-0.52196944,-0.4299497,-0.2486988,-0.5606228,-0.18277712,0.091457605,0.02244474,-0.51905864,-0.43340388,-0.25757658,-0.5626221,-0.18716635,0.10254159,0.025274908,-0.51227385,-0.4383108,-0.27746895,-0.5656452,-0.19448078,0.1163806,0.012712464,-0.50808233,-0.44324037,-0.35949323,-0.5764967,-0.22065796,0.12369632,-0.08961283,-0.46914732,-0.4413288,-0.42488948,-0.58559513,-0.2592267,0.025523249,-0.21281587,-0.52196944,1.7708997,-0.031639494,-0.51905864,1.7708397,-0.04067744,-0.51227385,1.7697434,-0.13719638,-0.50808233,1.7502396,-0.19409186,-0.46914732,1.7425646,-0.20379311,-0.071725994,-0.42880785,-0.21193494,-0.5242654,-0.14493872,-0.11223447,-0.09797331,-0.06880294,-0.43273303,-0.21766011,-0.52577376,-0.1471798,-0.10852055,-0.09228414,-0.06680304,-0.4377651,-0.22579007,-0.52761894,-0.14959767,-0.10151581,-0.078125924,-0.082048275,-0.43947235,-0.27216738,-0.533007,-0.16550897,-0.086642735,-0.05193968,-0.18970157,-0.43355003,-0.30457717,-0.5364263,-0.18572877,-0.07061991,-0.039075077
0.6550533,-0.49922585,-0.37936395,0.94354075,-0.52325684,-0.39989161,1.3486258,-0.5563529,-0.43228915,1.6605998,-0.6223876,-0.5445178,0.9940838,-0.6340912,-0.6304685,0.6550533,-0.49922585,-0.37936398,0.94354075,-0.52325696,-0.39989164,1.3486258,-0.55635303,-0.4322892,1.6605998,-0.622396,-0.5445252,0.9940838,-0.63410443,-0.63049245,0.99578416,-0.43011692,-0.23536976,-0.5607639,-0.18276824,0.091457605,0.02244474,1.1137285,-0.43360597,-0.24323301,-0.5627921,-0.1871559,0.10254159,0.025274908,1.2459311,-0.43844733,-0.26602432,-0.56576014,-0.19447382,0.1163806,0.012712464,1.4503175,-0.4432619,-0.3553155,-0.5765153,-0.22065681,0.12369632,-0.08961283,1.2109216,-0.44134092,-0.4220594,-0.5856059,-0.25922602,0.025523249,-0.21281587,0.99578416,-0.5647679,-0.031639494,1.1137285,-0.5649834,-0.04067744,1.2459311,-0.5706194,-0.13719638,1.4503175,-0.5952344,-0.19406474,1.2109216,-0.60145926,-0.20306176,-0.071725994,-0.42880785,-0.21193494,-0.5242654,-0.14493872,-0.11223447,-0.09797331,-0.06880294,-0.43273303,-0.21766011,-0.52577376,-0.1471798,-0.10852055,-0.09228414,-0.06680304,-0.4377651,-0.22579007,-0.52761894,-0.14959767,-0.10151581,-0.078125924,-0.082048275,-0.43947235,-0.27216738,-0.533007,-0.16550897,-0.086642735,-0.05193968,-0.18970157,-0.43355003,-0.30457717,-0.5364263,-0.18572877,-0.07061991,-0.039075077
-0.73440593,-0.5529283,-0.38007864,-0.72078234,-0.572301,-0.40103367,-0.6982404,-0.60026133,-0.4337314,-0.68160194,-0.6177631,-0.5292654,-0.60870075,-0.36618665,0.87656844,-0.73440593,-0.5529283,-0.38007867,-0.72078234,-0.57230103,-0.4010337,-0.6982404,-0.6002614,-0.43373147,-0.681602,-0.6177714,-0.52927274,-0.6087009,-0.36619702,0.87655514,-0.5207011,-0.48309752,-0.24869877,-0.298978,-0.18104406,0.091457605,0.022444751,-0.5161169,-0.4866883,-0.2575582,-0.31571627,-0.18314369,0.10254159,0.025275826,-0.50836563,-0.4916052,-0.24801429,-0.34062257,-0.18789087,0.11639144,0.03481849,-0.5048757,-0.45993096,0.06585013,-0.30237514,-0.2074666,0.14099956,1.5350424,-0.4620408,-0.24218507,2.9738941,-0.10446892,0.84799206,0.47408536,0.08596351,-0.5207011,-0.5647679,-0.031639494,-0.5161169,-0.5649834,-0.04067744,-0.50836563,-0.5706194,-0.13719638,-0.5048757,-0.59523696,-0.19409186,-0.4620408,-0.60103744,-0.19885695,-0.071725994,-0.4813738,-0.21193491,-0.2524878,-0.14493872,-0.11223447,-0.09797331,-0.06880294,-0.4854258,-0.21766011,-0.25361454,-0.1471798,-0.10852055,-0.09228414,-0.06655578,-0.49061146,-0.22579007,-0.25483397,-0.14959767,-0.10151581,-0.078125924,-0.021021025,-0.49239096,-0.25905344,-0.25428057,-0.16549623,-0.086642735,-0.05193882,0.4330387,-0.4799058,-0.09714505,-0.22346199,-0.025024148,0.022550767,4.186162
-0.70594835,-0.27379256,-0.3801194,-0.70554,-0.28415695,-0.40115696,-0.69595647,-0.30277994,-0.43401203,-0.6838222,-0.36868072,-0.5422829,-0.61310387,-0.4230497,-0.61964786,-0.70594835,-0.27379268,-0.3801194,-0.70554,-0.28415716,-0.401157,-0.69595647,-0.30278036,-0.4340121,-0.6838223,-0.36868504,-0.5422903,-0.613104,-0.4230607,-0.6196717,-0.52196944,-0.2439323,-0.2486988,-0.1669395,-0.18277712,0.091457605,0.02244474,-0.51905864,-0.24690843,-0.25757658,-0.16887765,-0.18716635,0.10254159,0.025274908,-0.51227385,-0.2512887,-0.27746895,-0.1706649,-0.19448078,0.1163806,0.012712464,-0.50805306,-0.2553321,-0.35949323,-0.16867937,-0.22065796,0.12369632,-0.08961283,-0.46890652,-0.2516565,-0.42488942,-0.16228488,-0.2592267,0.025523249,-0.21281587,-0.52196944,-0.5647679,-0.031639494,-0.51905864,-0.56498337,-0.04067744,-0.51227385,-0.57061934,-0.13719638,-0.50805306,-0.5952369,-0.19409186,-0.46890652,-0.60153407,-0.20379311,-0.071725994,-0.244827,-0.21193494,-0.12923709,-0.14493872,-0.11223447,-0.09797331,-0.06880294,-0.24830833,-0.21766011,-0.13019079,-0.1471798,-0.10852055,-0.09228414,-0.06680304,-0.25280276,-0.22579005,-0.13112642,-0.14959767,-0.10151581,-0.078125924,-0.07898259,-0.25346842,-0.27216738,-0.12803192,-0.16550897,-0.086642735,-0.05193968,-0.098706424,-0.24529582,-0.30457717,-0.119769655,-0.18572877,-0.07061991,-0.039075077
1.0440788,2.2623055,1.8934965,1.1400694,2.338367,1.7337381,1.3368893,2.1858447,1.9186151,1.5890567,2.1304502,1.9498503,2.1839638,2.2280378,1.9616841,1.0440788,2.2623045,1.8934965,1.1400694,2.3383656,1.7337378,1.3368893,2.1858413,1.9186151,1.5890567,2.130486,1.9498472,2.1839638,2.2280557,1.9616785,-0.52196944,-0.5229584,-0.2486988,-0.6390795,-0.18277712,0.091457605,0.02244474,-0.51905864,-0.5266516,-0.25757658,-0.641091,-0.18716635,0.10254159,0.025274908,-0.51227385,-0.53182185,-0.27746895,-0.64436036,-0.19448078,0.1163806,0.012712464,-0.50808233,-0.5371945,-0.35949323,-0.65777016,-0.22065796,0.12369632,-0.08961283,-0.46914732,-0.53616494,-0.42488948,-0.66995615,-0.2592267,0.025523249,-0.21281587,-0.52196944,1.7736028,-0.031639494,-0.51905864,1.773543,-0.04067744,-0.51227385,1.772452,-0.13719638,-0.50808233,1.7529541,-0.19409186,-0.46914732,1.7452775,-0.20379311,-0.071725994,-0.52079827,-0.21193494,-0.6029902,-0.14493872,-0.11223447,-0.09797331,-0.06880294,-0.5249454,-0.21766011,-0.604609,-0.1471798,-0.10852055,-0.09228414,-0.06680304,-0.53024626,-0.22579007,-0.6066355,-0.14959767,-0.10151581,-0.078125924,-0.082048275,-0.53247434,-0.27216738,-0.61371404,-0.16550897,-0.086642735,-0.05193968,-0.18970157,-0.5276771,-0.30457717,-0.6194613,-0.18572877,-0.07061991,-0.039075077
-0.69101804,-0.27378786,-0.38011953,-0.6962465,-0.28408918,-0.40115857,-0.6928267,-0.30202833,-0.4340272,-0.68346286,-0.36434123,-0.5428233,-0.61286324,-0.42314526,-0.6191903,-0.69101804,-0.27378798,-0.38011953,-0.6962465,-0.2840894,-0.40115863,-0.6928267,-0.30202872,-0.43402725,-0.6834629,-0.36434546,-0.54283065,-0.61286336,-0.42315626,-0.6192141,-0.52196944,-0.2439323,-0.2486988,-0.1669395,-0.18277712,0.091457605,0.02244474,-0.51905864,-0.24690843,-0.25757658,-0.16887765,-0.18716635,0.10254159,0.025274908,-0.51227385,-0.2512887,-0.27746895,-0.1706649,-0.19448078,0.1163806,0.012712464,-0.5080512,-0.2553321,-0.35949323,-0.16867937,-0.22065796,0.12369632,-0.08961283,-0.46885338,-0.2516565,-0.42488942,-0.16228488,-0.2592267,0.025523249,-0.21281587,-0.52196944,-0.5647679,-0.031639494,-0.51905864,-0.56498337,-0.04067744,-0.51227385,-0.57061934,-0.13719638,-0.5080512,-0.5952369,-0.19409186,-0.46885338,-0.60153407,-0.20379311,-0.071725994,-0.244827,-0.21193494,-0.12923709,-0.14493872,-0.11223447,-0.09797331,-0.06880294,-0.24830833,-0.21766011,-0.13019079,-0.1471798,-0.10852055,-0.09228414,-0.06680304,-0.25280276,-0.22579007,-0.13112642,-0.14959767,-0.10151581,-0.078125924,-0.07878517,-0.25346842,-0.27216738,-0.12803192,-0.16550897,-0.086642735,-0.05193968,-0.078634165,-0.24529582,-0.30457714,-0.119769655,-0.18572877,-0.07061991,-0.039075077
-0.19984527,0.30776304,2.3877587,-0.33570257,0.2977748,2.1962943,-0.54479706,0.27355254,2.0385783,-0.664794,0.21748966,1.6975036,-0.6098204,0.0098942295,1.0998505,-0.19984527,0.30776265,2.3877587,-0.33570257,0.29777429,2.196294,-0.54479706,0.2735515,2.0385783,-0.6647941,0.21749473,1.6975,-0.60982054,0.0098879365,1.0998389,0.11662891,0.2562756,5.0577397,0.78209364,2.47013,-2.023882,-1.5071878,-0.06522739,0.24349949,4.892537,0.79218245,2.5152345,-2.6540632,-1.9193245,-0.32943228,0.2258261,4.666415,0.8067516,2.601062,-3.2875726,-2.1222754,-0.48458946,0.20111738,4.128274,0.83516824,2.7347307,-3.4760396,-1.567264,-0.46342993,0.12719016,3.4542232,0.7369388,2.6221206,-0.36617547,-0.3149066,0.11662891,-0.5647679,-0.031639494,-0.06522739,-0.5649834,-0.04067744,-0.32943228,-0.5706194,-0.13719638,-0.48458946,-0.59523696,-0.19409186,-0.46342993,-0.6015341,-0.20379311,0.33162412,0.6107226,6.2025285,1.1238743,3.6777933,10.519447,6.4829874,0.2417137,0.6075252,6.016407,1.1170723,3.5536988,10.404126,6.088676,0.13437125,0.60363364,5.8303833,1.1113003,3.3933525,10.087919,5.3482594,0.054651104,0.6069001,5.533067,1.137408,3.0749888,9.414813,4.425039,-0.08620802,0.6253901,5.1716037,1.1818043,2.7982526,8.062682,4.02284
-0.6776348,-0.27378437,-0.38011962,-0.6875835,-0.28401646,-0.4011603,-0.6900715,-0.30097675,-0.4340498,-0.68323696,-0.347858,-0.5459595,-0.61286896,-0.40805462,-0.6218117,-0.6776348,-0.2737845,-0.38011965,-0.6875835,-0.2840167,-0.40116033,-0.6900715,-0.30097717,-0.43404984,-0.683237,-0.347862,-0.5459668,-0.6128691,-0.40806547,-0.62183553,-0.52196944,-0.2439323,-0.2486988,-0.1669395,-0.18277712,0.091457605,0.02244474,-0.51905864,-0.24690843,-0.25757658,-0.16887765,-0.18716635,0.10254159,0.025274908,-0.51227385,-0.2512887,-0.27746895,-0.1706649,-0.19448078,0.1163806,0.012712464,-0.508055,-0.2553321,-0.35949323,-0.16867937,-0.22065796,0.12369632,-0.08961283,-0.46885744,-0.2516565,-0.42488942,-0.16228488,-0.2592267,0.025523249,-0.21281587,-0.52196944,-0.5647679,-0.031639494,-0.51905864,-0.56498337,-0.04067744,-0.51227385,-0.57061934,-0.13719638,-0.508055,-0.5952369,-0.19409186,-0.46885744,-0.60153407,-0.20379311,-0.071725994,-0.244827,-0.21193494,-0.12923709,-0.14493872,-0.11223447,-0.09797331,-0.06880294,-0.24830833,-0.21766011,-0.13019079,-0.1471798,-0.10852055,-0.09228414,-0.06680304,-0.25280276,-0.22579007,-0.13112642,-0.14959767,-0.10151581,-0.078125924,-0.07917919,-0.25346842,-0.27216738,-0.12803192,-0.16550897,-0.086642735,-0.05193968,-0.08016158,-0.24529582,-0.30457717,-0.119769655,-0.18572877,-0.07061991,-0.039075077
-0.73585546,-0.5981833,-0.38011962,-0.7243403,-0.61589205,-0.40116045,-0.70315504,-0.63964915,-0.4340633,-0.68508875,-0.70469815,-0.54647934,-0.6146834,-0.71971005,-0.63250995,-0.73585546,-0.5981832,-0.38011965,-0.7243403,-0.6158921,-0.40116048,-0.70315504,-0.6396492,-0.43406332,-0.6850888,-0.7047078,-0.5464867,-0.6146835,-0.71972424,-0.6325339,-0.52196944,-0.5229584,-0.2486988,-0.6390795,-0.18277712,0.091457605,0.02244474,-0.51905864,-0.5266516,-0.25757658,-0.641091,-0.18716635,0.10254159,0.025274908,-0.51227385,-0.53182185,-0.27746895,-0.64436036,-0.19448078,0.1163806,0.012712464,-0.50808233,-0.5371945,-0.35949323,-0.65777016,-0.22065796,0.12369632,-0.08961283,-0.46914732,-0.53616494,-0.42488948,-0.66995615,-0.2592267,0.025523249,-0.21281587,-0.52196944,1.7709002,-0.031639494,-0.51905864,1.7708403,-0.04067744,-0.51227385,1.769744,-0.13719638,-0.50808233,1.7502402,-0.19409186,-0.46914732,1.7425652,-0.20379311,-0.071725994,-0.52079827,-0.21193494,-0.6029902,-0.14493872,-0.11223447,-0.09797331,-0.06880294,-0.5249454,-0.21766011,-0.604609,-0.1471798,-0.10852055,-0.09228414,-0.06680304,-0.53024626,-0.22579007,-0.6066355,-0.14959767,-0.10151581,-0.078125924,-0.082048275,-0.53247434,-0.27216738,-0.61371404,-0.16550897,-0.086642735,-0.05193968,-0.18970157,-0.5276771,-0.30457717,-0.6194613,-0.18572877,-0.07061991,-0.039075077
-0.73585546,-0.5981833,-0.38011962,-0.7243403,-0.61589205,-0.40116045,-0.70315504,-0.63964915,-0.4340633,-0.68508875,-0.70469815,-0.54647934,-0.6146834,-0.71971005,-0.63250995,-0.73585546,-0.5981832,-0.38011965,-0.7243403,-0.6158921,-0.40116048,-0.70315504,-0.6396492,-0.43406332,-0.6850888,-0.7047078,-0.5464867,-0.6146835,-0.71972424,-0.6325339,-0.52196944,-0.5229584,-0.2486988,-0.6390795,-0.18277712,0.091457605,0.02244474,-0.51905864,-0.5266516,-0.25757658,-0.641091,-0.18716635,0.10254159,0.025274908,-0.51227385,-0.53182185,-0.27746895,-0.64436036,-0.19448078,0.1163806,0.012712464,-0.50808233,-0.5371945,-0.35949323,-0.65777016,-0.22065796,0.12369632,-0.08961283,-0.46914732,-0.53616494,-0.42488948,-0.66995615,-0.2592267,0.025523249,-0.21281587,-0.52196944,1.7709002,-0.031639494,-0.51905864,1.7708403,-0.04067744,-0.51227385,1.769744,-0.13719638,-0.50808233,1.7502402,-0.19409186,-0.46914732,1.7425652,-0.20379311,-0.071725994,-0.52079827,-0.21193494,-0.6029902,-0.14493872,-0.11223447,-0.09797331,-0.06880294,-0.5249454,-0.21766011,-0.604609,-0.1471798,-0.10852055,-0.09228414,-0.06680304,-0.53024626,-0.22579007,-0.6066355,-0.14959767,-0.10151581,-0.078125924,-0.082048275,-0.53247434,-0.27216738,-0.61371404,-0.16550897,-0.086642735,-0.05193968,-0.18970157,-0.5276771,-0.30457717,-0.6194613,-0.18572877,-0.07061991,-0.039075077
1.9555912,-0.55775666,-0.377829,1.7754108,-0.5643853,-0.39880824,1.572148,-0.57195693,-0.4318137,1.6894138,-0.62402797,-0.5444695,1.2124038,-0.6343954,-0.63045996,1.9555912,-0.55775666,-0.37782902,1.7754108,-0.56438535,-0.39880827,1.572148,-0.571957,-0.43181375,1.6894138,-0.6240363,-0.5444768,1.2124038,-0.6344087,-0.63048387,0.66395646,-0.4299497,-0.24869874,-0.5606228,-0.18277712,0.091457605,0.02244474,0.82987666,-0.43340388,-0.25757653,-0.5626221,-0.18716635,0.10254159,0.025274908,1.0629599,-0.43831086,-0.2772481,-0.5656453,-0.19448078,0.1163806,0.012712464,1.4334415,-0.44325754,-0.35576448,-0.57651156,-0.22065704,0.12369632,-0.08961283,1.4319142,-0.44134268,-0.42185867,-0.58560747,-0.25922593,0.025523249,-0.21281587,0.66395646,-0.5647679,-0.031639494,0.82987666,-0.5649834,-0.04067744,1.0629599,-0.5706194,-0.13719638,1.4334415,-0.595236,-0.19408149,1.4319142,-0.60147405,-0.20320654,-0.071725994,-0.42880785,-0.21193494,-0.5242654,-0.14493872,-0.11223447,-0.09797331,-0.06880294,-0.43273303,-0.21766011,-0.52577376,-0.1471798,-0.10852055,-0.09228414,-0.06680304,-0.4377651,-0.22579007,-0.52761894,-0.14959767,-0.10151581,-0.078125924,-0.082048275,-0.43947235,-0.27216738,-0.533007,-0.16550897,-0.086642735,-0.05193968,-0.18970157,-0.43355003,-0.30457717,-0.5364263,-0.18572877,-0.07061991,-0.039075077
-0.7358553,2.2518668,-0.38006267,-0.7243279,2.2966428,-0.39472178,-0.7025998,1.9833307,0.12777425,-0.68423873,1.0034798,0.6561609,-0.613027,1.2415357,0.8676115,-0.7358553,2.2518654,-0.3800627,-0.7243279,2.2966413,-0.39472184,-0.7025998,1.9833277,0.1277742,-0.6842388,1.0034975,0.6561556,-0.6130271,1.2415427,0.8675982,-0.52196944,1.928485,-0.2486988,1.428815,-0.18277712,0.091457605,0.02244474,-0.51905864,1.9310921,-0.25757658,1.4271246,-0.18716635,0.10254159,0.025274908,-0.51227385,1.9328622,-0.277431,1.4303467,-0.19448078,0.1163806,0.012712464,-0.50789607,1.9942065,-0.035878453,1.5319761,-0.21374877,0.12369632,-0.08961283,-0.46796224,2.1353567,-0.06857446,1.7064825,-0.2484553,0.025523249,-0.21281587,-0.52196944,-0.5647679,-0.031639494,-0.51905864,-0.56498337,-0.04067744,-0.51227385,-0.57061934,-0.13719638,-0.50789607,-0.5952369,-0.19409186,-0.46796224,-0.6015341,-0.20379311,-0.071725994,1.9038064,-0.21193494,1.4719694,-0.14493872,-0.11223447,-0.09797331,-0.06880294,1.9055086,-0.21766011,1.4732636,-0.1471798,-0.10852055,-0.09228414,-0.06680304,1.9072928,-0.22575204,1.4760149,-0.14959767,-0.10151581,-0.078125924,-0.062496286,1.9732726,0.06550946,1.5607708,-0.15705748,-0.086642735,-0.05193968,0.25810027,2.1238708,0.08230459,1.7196243,-0.17424814,-0.07061991,-0.039075077
-0.36117846,-0.598183,-0.3801196,-0.320987,-0.6158837,-0.4011597,-0.12049791,-0.6395514,-0.43405485,0.10230107,-0.70454603,-0.54645646,0.5806384,-0.71952677,-0.63247794,-0.36117846,-0.5981829,-0.38011962,-0.320987,-0.61588377,-0.40115973,-0.12049791,-0.63955146,-0.4340549,0.10230103,-0.70455575,-0.5464638,0.5806383,-0.71954095,-0.6325019,-0.52196944,-0.5229584,-0.2486988,-0.6390795,-0.18277712,0.091457605,0.02244474,-0.51905864,-0.5266516,-0.25757658,-0.641091,-0.18716635,0.10254159,0.025274908,-0.51227385,-0.53182185,-0.27746895,-0.64436036,-0.19448078,0.1163806,0.012712464,-0.50808233,-0.5371945,-0.35949323,-0.65777016,-0.22065796,0.12369632,-0.08961283,-0.46914732,-0.53616494,-0.42488948,-0.66995615,-0.2592267,0.025523249,-0.21281587,-0.52196944,1.7735984,-0.031639494,-0.51905864,1.7735387,-0.04067744,-0.51227385,1.7724477,-0.13719638,-0.50808233,1.7529497,-0.19409186,-0.46914732,1.7452731,-0.20379311,-0.071725994,-0.52079827,-0.21193494,-0.6029902,-0.14493872,-0.11223447,-0.09797331,-0.06880294,-0.5249454,-0.21766011,-0.604609,-0.1471798,-0.10852055,-0.09228414,-0.06680304,-0.53024626,-0.22579007,-0.6066355,-0.14959767,-0.10151581,-0.078125924,-0.082048275,-0.53247434,-0.27216738,-0.61371404,-0.16550897,-0.086642735,-0.05193968,-0.18970157,-0.5276771,-0.30457717,-0.6194613,-0.18572877,-0.07061991,-0.039075077
-0.73585546,-0.5981833,-0.38011962,-0.7243403,-0.61589205,-0.40116045,-0.70315504,-0.63964915,-0.4340633,-0.68508875,-0.70469815,-0.54647934,-0.6146834,-0.71971005,-0.63250995,-0.73585546,-0.5981832,-0.38011965,-0.7243403,-0.6158921,-0.40116048,-0.70315504,-0.6396492,-0.43406332,-0.6850888,-0.7047078,-0.5464867,-0.6146835,-0.71972424,-0.6325339,-0.52196944,-0.5229584,-0.2486988,-0.6390795,-0.18277712,0.091457605,0.02244474,-0.51905864,-0.5266516,-0.25757658,-0.641091,-0.18716635,0.10254159,0.025274908,-0.51227385,-0.53182185,-0.27746895,-0.64436036,-0.19448078,0.1163806,0.012712464,-0.50808233,-0.5371945,-0.35949323,-0.65777016,-0.22065796,0.12369632,-0.08961283,-0.46914732,-0.53616494,-0.42488948,-0.66995615,-0.2592267,0.025523249,-0.21281587,-0.52196944,1.7709,-0.031639494,-0.51905864,1.7708402,-0.04067744,-0.51227385,1.7697438,-0.13719638,-0.50808233,1.75024,-0.19409186,-0.46914732,1.742565,-0.20379311,-0.071725994,-0.52079827,-0.21193494,-0.6029902,-0.14493872,-0.11223447,-0.09797331,-0.06880294,-0.5249454,-0.21766011,-0.604609,-0.1471798,-0.10852055,-0.09228414,-0.06680304,-0.53024626,-0.22579007,-0.6066355,-0.14959767,-0.10151581,-0.078125924,-0.082048275,-0.53247434,-0.27216738,-0.61371404,-0.16550897,-0.086642735,-0.05193968,-0.18970157,-0.5276771,-0.30457717,-0.6194613,-0.18572877,-0.07061991,-0.039075077
-0.73585546,-0.36646974,-0.38011962,-0.7243403,-0.37883437,-0.40116045,-0.70315504,-0.39731637,-0.4340633,-0.6848317,-0.52134407,-0.5388832,-0.6133464,-0.58695835,-0.62170917,-0.73585546,-0.3664698,-0.38011965,-0.7243403,-0.37883455,-0.40116048,-0.70315504,-0.39731666,-0.43406332,-0.68483174,-0.5213508,-0.5388906,-0.6133465,-0.5869711,-0.621733,-0.52196944,-0.32365406,-0.2486988,-0.3691518,-0.18277712,0.091457605,0.02244474,-0.51905864,-0.32683507,-0.25757658,-0.37112135,-0.18716635,0.10254159,0.025274908,-0.51227385,-0.33144104,-0.27746895,-0.3735434,-0.19448078,0.1163806,0.012712464,-0.5080608,-0.33586428,-0.35921597,-0.37815157,-0.22065796,0.12369632,-0.6206181,-0.4688389,-0.34411767,-0.302613,-0.387441,-0.25795817,0.025400877,-0.7993893,-0.52196944,-0.5647679,-0.031639494,-0.51905864,-0.56498337,-0.04067744,-0.51227385,-0.57061934,-0.13719638,-0.5080608,-0.5952369,-0.19409186,-0.4688389,-0.60153407,-0.20379311,-0.071725994,-0.32367593,-0.21193494,-0.33214027,-0.14493872,-0.11223447,-0.09797331,-0.06880294,-0.3273475,-0.21766011,-0.33337882,-0.1471798,-0.10852055,-0.09228414,-0.06680304,-0.33207235,-0.22579007,-0.33478165,-0.14959767,-0.10151581,-0.078125924,-0.07979436,-0.33318445,-0.2718781,-0.3360442,-0.16550897,-0.086642735,-0.6953088,-0.07315598,-0.3370657,-0.17181112,-0.34138677,-0.18437672,-0.07070564,-0.88969344
1.5845308,0.9113421,2.6333475,1.473522,1.3522042,2.6407843,1.4054198,1.8571179,2.4050333,1.5608053,2.1538682,2.1109552,1.752393,2.2984023,2.0902574,1.5845308,0.9113414,2.6333475,1.473522,1.3522032,2.6407843,1.4054198,1.8571151,2.4050333,1.5608053,2.1539042,2.1109524,1.752393,2.298421,2.0902529,-0.52196944,-0.5229584,-0.2486988,-0.6390795,-0.18277712,0.091457605,0.02244474,-0.51905864,-0.5266516,-0.25757658,-0.641091,-0.18716635,0.10254159,0.025274908,-0.51227385,-0.53182185,-0.27746895,-0.64436036,-0.19448078,0.1163806,0.012712464,-0.50808233,-0.5371945,-0.35949323,-0.65777016,-0.22065796,0.12369632,-0.08961283,-0.46914732,-0.53616494,-0.42488948,-0.66995615,-0.2592267,0.025523249,-0.21281587,-0.52196944,1.773606,-0.031639494,-0.51905864,1.7735462,-0.04067744,-0.51227385,1.7724552,-0.13719638,-0.50808233,1.7529573,-0.19409186,-0.46914732,1.7452807,-0.20379311,-0.071725994,-0.52079827,-0.21193494,-0.6029902,-0.14493872,-0.11223447,-0.09797331,-0.06880294,-0.5249454,-0.21766011,-0.604609,-0.1471798,-0.10852055,-0.09228414,-0.06680304,-0.53024626,-0.22579007,-0.6066355,-0.14959767,-0.10151581,-0.078125924,-0.082048275,-0.53247434,-0.27216738,-0.61371404,-0.16550897,-0.086642735,-0.05193968,-0.18970157,-0.5276771,-0.30457717,-0.6194613,-0.18572877,-0.07061991,-0.039075077
-0.7347177,2.0514104,0.059387058,-0.72234964,1.7902162,0.52634966,-0.7012354,1.2323233,1.0369232,-0.68438447,0.9369452,0.9785313,-0.6130138,1.2017573,0.9084036,-0.7347177,2.051409,0.059387036,-0.72234964,1.790215,0.52634966,-0.7012354,1.2323211,1.036923,-0.6843845,0.93696177,0.97852653,-0.61301386,1.2017639,0.9083905,-0.52196944,1.928485,-0.2486988,1.428815,-0.18277712,0.091457605,0.02244474,-0.51905864,1.9310921,-0.25757658,1.4271246,-0.18716635,0.10254159,0.025274908,-0.51227385,1.9328622,-0.27743107,1.4303467,-0.19448078,0.1163806,0.012712464,-0.507896,1.9942081,-0.03587458,1.5319775,-0.21374862,0.12369632,-0.08961283,-0.46796227,2.1353562,-0.06857418,1.7064822,-0.2484553,0.025523249,-0.21281587,-0.52196944,-0.5647679,-0.031639494,-0.51905864,-0.56498337,-0.04067744,-0.51227385,-0.57061934,-0.13719638,-0.507896,-0.5952369,-0.19409186,-0.46796227,-0.6015223,-0.20367843,-0.071725994,1.9038064,-0.21193494,1.4719694,-0.14493872,-0.11223447,-0.09797331,-0.06880294,1.9055086,-0.21766011,1.4732636,-0.1471798,-0.10852055,-0.09228414,-0.06680304,1.9072928,-0.22575207,1.4760149,-0.14959767,-0.10151581,-0.078125924,-0.062495757,1.9732741,0.06551351,1.5607722,-0.15705727,-0.086642735,-0.05193968,0.2580675,2.1238706,0.08230488,1.7196239,-0.17424813,-0.07061991,-0.039075077
1.5347105,0.9087298,2.5151706,1.4486728,1.325209,2.49882,1.3818678,1.7767211,2.2848852,1.5734228,2.081563,1.9898804,2.007875,2.2187612,1.9689395,1.5347105,0.90872914,2.5151706,1.4486728,1.325208,2.4988198,1.3818678,1.7767184,2.2848852,1.5734228,2.0815978,1.9898773,2.007875,2.2187788,1.9689339,-0.52196944,-0.5229584,-0.2486988,-0.6390795,-0.18277712,0.091457605,0.02244474,-0.51905864,-0.5266516,-0.25757658,-0.641091,-0.18716635,0.10254159,0.025274908,-0.51227385,-0.53182185,-0.27746895,-0.64436036,-0.19448078,0.1163806,0.012712464,-0.50808233,-0.5371945,-0.35949323,-0.65777016,-0.22065796,0.12369632,-0.08961283,-0.46914732,-0.53616494,-0.42488948,-0.66995615,-0.2592267,0.025523249,-0.21281587,-0.52196944,1.7736028,-0.031639494,-0.51905864,1.773543,-0.04067744,-0.51227385,1.772452,-0.13719638,-0.50808233,1.7529541,-0.19409186,-0.46914732,1.7452775,-0.20379311,-0.071725994,-0.52079827,-0.21193494,-0.6029902,-0.14493872,-0.11223447,-0.09797331,-0.06880294,-0.5249454,-0.21766011,-0.604609,-0.1471798,-0.10852055,-0.09228414,-0.06680304,-0.53024626,-0.22579007,-0.6066355,-0.14959767,-0.10151581,-0.078125924,-0.082048275,-0.53247434,-0.27216738,-0.61371404,-0.16550897,-0.086642735,-0.05193968,-0.18970157,-0.5276771,-0.30457717,-0.6194613,-0.18572877,-0.07061991,-0.039075077
-0.7358545,-0.36647728,-0.38011816,-0.72428155,-0.37957528,-0.4010271,-0.70119655,-0.44320208,-0.42761898,-0.6831589,-0.55065066,-0.53657144,-0.61290276,-0.51196694,-0.42728573,-0.7358545,-0.36647734,-0.3801182,-0.72428155,-0.37957546,-0.40102717,-0.70119655,-0.44320232,-0.427619,-0.6831589,-0.5506579,-0.5365788,-0.6129029,-0.51197886,-0.42730823,-0.5219691,-0.32365623,-0.24648106,-0.36602694,-0.18275185,0.091457605,0.02244191,-0.51903576,-0.3270441,-0.23620947,-0.3681401,-0.18713251,0.10254156,0.023509568,-0.5115151,-0.34835988,-0.09888713,-0.38214263,-0.19278775,0.11625149,-0.7024702,-0.5073277,-0.39439145,-0.09079888,-0.41642925,-0.2158948,0.122600384,-2.5078058,-0.46865904,-0.36803788,-0.22212878,-0.4040196,-0.2557387,0.025745828,0.21137932,-0.5219691,-0.5647679,-0.031639494,-0.51903576,-0.5649834,-0.04067744,-0.5115151,-0.5706194,-0.13719638,-0.5073277,-0.59523696,-0.19409186,-0.46865904,-0.601534,-0.20379235,-0.071722925,-0.32367808,-0.20969445,-0.3290047,-0.14490186,-0.11223447,-0.097976096,-0.06857904,-0.32755423,-0.19624567,-0.33038366,-0.1471307,-0.10852059,-0.094043255,-0.053036273,-0.34880486,-0.046754554,-0.3434138,-0.14721125,-0.10167641,-0.820434,-0.0028284355,-0.3911185,0.008202577,-0.37405512,-0.15968259,-0.08780978,-2.9818363,-0.016236806,-0.36200267,-0.08147941,-0.35850042,-0.18191104,-0.070465244,0.55347055
-0.7209074,-0.36646974,-0.38011962,-0.7150048,-0.37883437,-0.40116045,-0.6999419,-0.39731625,-0.4340633,-0.68430924,-0.5264624,-0.5379763,-0.61315316,-0.59253114,-0.61931974,-0.7209074,-0.3664698,-0.38011965,-0.7150048,-0.37883455,-0.40116048,-0.6999419,-0.39731655,-0.43406332,-0.6843093,-0.5264692,-0.53798366,-0.6131533,-0.59254396,-0.6193436,-0.52196944,-0.32365406,-0.2486988,-0.3691518,-0.18277712,0.091457605,0.02244474,-0.51905864,-0.32683507,-0.25757658,-0.37112135,-0.18716635,0.10254159,0.025274908,-0.51227385,-0.33144104,-0.27746895,-0.3735434,-0.19448078,0.1163806,0.012712464,-0.5080607,-0.33586428,-0.3592112,-0.37815157,-0.22065796,0.12369632,-0.08961283,-0.46883866,-0.34412077,-0.3025971,-0.38790175,-0.25795788,0.025513733,-0.34084487,-0.52196944,-0.5647679,-0.031639494,-0.51905864,-0.56498337,-0.04067744,-0.51227385,-0.57061934,-0.13719638,-0.5080607,-0.5952369,-0.19409186,-0.46883866,-0.60153407,-0.20379311,-0.071725994,-0.32367593,-0.21193494,-0.33214027,-0.14493872,-0.11223447,-0.09797331,-0.06880294,-0.3273475,-0.21766011,-0.33337882,-0.1471798,-0.10852055,-0.09228414,-0.06680304,-0.33207235,-0.22579005,-0.33478165,-0.14959767,-0.10151581,-0.078125924,-0.07978003,-0.33318445,-0.27187312,-0.3360442,-0.16550897,-0.086642735,-0.051941108,-0.07307601,-0.3370688,-0.17179388,-0.34184027,-0.1843764,-0.07063878,-0.5646485
-0.7060498,-0.5981833,-0.38011962,-0.7057032,-0.61589205,-0.40116045,-0.69673264,-0.63964915,-0.4340633,-0.6840545,-0.6629354,-0.540925,-0.6136822,-0.5530756,-0.622437,-0.7060498,-0.5981832,-0.38011965,-0.7057032,-0.6158921,-0.40116048,-0.69673264,-0.6396492,-0.43406332,-0.68405455,-0.66294444,-0.54093236,-0.6136823,-0.553088,-0.6224609,-0.52196944,-0.5229584,-0.2486988,-0.4998031,-0.18277712,0.091457605,0.02244474,-0.51905864,-0.5266516,-0.25757658,-0.5017929,-0.18716635,0.10254159,0.025274908,-0.51227385,-0.53182185,-0.27727503,-0.50462514,-0.19448078,0.1163806,0.012712464,-0.50799084,-0.50218797,-0.13522772,-0.49163517,-0.21733981,0.12369632,-0.08956995,-0.46879965,-0.38095823,-0.19701765,-0.41454428,-0.2548213,0.02559431,0.049197827,-0.52196944,-0.5647679,-0.031639494,-0.51905864,-0.56498337,-0.04067744,-0.51227385,-0.57061934,-0.13719638,-0.50799084,-0.5952369,-0.19409186,-0.46879965,-0.60153407,-0.20379311,-0.071725994,-0.52079827,-0.21193494,-0.6029902,-0.14493872,-0.11223447,-0.09797331,-0.06880294,-0.5249454,-0.21766011,-0.604609,-0.1471798,-0.10852055,-0.09228414,-0.06680304,-0.53024626,-0.22579007,-0.6066355,-0.14959767,-0.10151581,-0.078125924,-0.082048275,-0.53247434,-0.27216738,-0.61371404,-0.16550897,-0.086642735,-0.05193968,-0.18970157,-0.5276771,-0.30457717,-0.6194613,-0.18572877,-0.07061991,-0.039075077
-0.73585546,-0.30467945,-0.38011962,-0.7243403,-0.31561896,-0.40116045,-0.70315504,-0.33269414,-0.4340633,-0.6848445,-0.37107337,-0.5450295,-0.6131845,-0.4095018,-0.62122005,-0.73585546,-0.30467954,-0.38011965,-0.7243403,-0.31561917,-0.40116048,-0.70315504,-0.3326945,-0.43406332,-0.68484455,-0.37107772,-0.54503685,-0.61318463,-0.40951264,-0.6212439,-0.52196944,-0.27050623,-0.2486988,-0.19864082,-0.18277712,0.091457605,0.02244474,-0.51905864,-0.27355063,-0.25757658,-0.20058389,-0.18716635,0.10254159,0.025274908,-0.51227385,-0.27800617,-0.27746895,-0.20247068,-0.19448078,0.1163806,0.012712464,-0.50800693,-0.28906274,-0.23799936,-0.23380965,-0.21504463,0.126343,0.78733313,-0.4683403,-0.39689624,-0.08682215,-0.35268927,-0.24528381,0.05787989,1.3409323,-0.52196944,-0.5647679,-0.031639494,-0.51905864,-0.56498337,-0.04067744,-0.51227385,-0.57061934,-0.13719638,-0.50800693,-0.5952369,-0.19409186,-0.4683403,-0.6015341,-0.20379311,-0.071725994,-0.27110997,-0.21193494,-0.16104671,-0.14493872,-0.11223447,-0.09797331,-0.06880294,-0.27465472,-0.21766011,-0.16204509,-0.1471798,-0.10852055,-0.09228414,-0.06680304,-0.27922595,-0.22579007,-0.16305396,-0.14959767,-0.10151581,-0.078125924,-0.075579956,-0.2800404,-0.27216735,-0.16064252,-0.16550897,-0.086642735,-0.05193968,-0.041060243,-0.2721893,-0.30457717,-0.15332091,-0.18572877,-0.07061991,-0.039075077
-0.7060971,2.463346,-0.36156738,-0.70572096,2.5161097,-0.38338748,-0.6967347,2.5619082,-0.4166117,-0.68406165,2.4019248,-0.041583154,-0.6130148,1.4800923,0.8166879,-0.7060971,2.4633443,-0.36156744,-0.70572096,2.5161083,-0.3833875,-0.6967347,2.5619044,-0.41661173,-0.68406165,2.401965,-0.04158966,-0.61301494,1.480102,0.81667423,-0.48651564,2.1103625,0.18573892,1.582236,-0.17333338,0.091457605,0.02244474,-0.49731472,2.113321,0.16842611,1.580472,-0.17795427,0.10254159,0.025274908,-0.50481117,2.1154895,0.13663979,1.5840777,-0.18537804,0.1163806,0.012712464,-0.5070271,2.1226094,0.022060536,1.6430489,-0.2110533,0.12369632,-0.08961283,-0.46777964,2.148603,-0.078980535,1.7182658,-0.24907526,0.025523249,-0.21281587,-0.48651564,-0.5647679,-0.031639494,-0.49731472,-0.5649834,-0.04067744,-0.50481117,-0.5706194,-0.13719638,-0.5070271,-0.59523696,-0.19409186,-0.46777964,-0.6015341,-0.20379311,0.2101561,2.0836926,0.2269596,1.6259147,-0.13116054,-0.11223447,-0.09797331,0.14415233,2.085714,0.20928603,1.6273271,-0.13380939,-0.10852055,-0.09228414,0.06858565,2.0879087,0.18937072,1.6303344,-0.13676672,-0.10151581,-0.078125924,0.028718872,2.1003742,0.12596609,1.6710695,-0.15376031,-0.086642735,-0.05193968,0.32708386,2.1370184,0.07100582,1.7312225,-0.17490892,-0.07061991,-0.039075077
-0.73585546,-0.5981833,-0.38011962,-0.7243403,-0.61589205,-0.40116045,-0.70315504,-0.63964915,-0.4340633,-0.68508875,-0.70469815,-0.54647934,-0.6146834,-0.71971005,-0.63250995,-0.73585546,-0.5981832,-0.38011965,-0.7243403,-0.6158921,-0.40116048,-0.70315504,-0.6396492,-0.43406332,-0.6850888,-0.7047078,-0.5464867,-0.6146835,-0.71972424,-0.6325339,-0.52196944,-0.5229584,-0.2486988,-0.6390795,-0.18277712,0.091457605,0.02244474,-0.51905864,-0.5266516,-0.25757658,-0.641091,-0.18716635,0.10254159,0.025274908,-0.51227385,-0.53182185,-0.27746895,-0.64436036,-0.19448078,0.1163806,0.012712464,-0.50808233,-0.5371945,-0.35949323,-0.65777016,-0.22065796,0.12369632,-0.08961283,-0.46914732,-0.53616494,-0.42488948,-0.66995615,-0.2592267,0.025523249,-0.21281587,-0.52196944,1.7709,-0.031639494,-0.51905864,1.7708402,-0.04067744,-0.51227385,1.7697438,-0.13719638,-0.50808233,1.75024,-0.19409186,-0.46914732,1.742565,-0.20379311,-0.071725994,-0.52079827,-0.21193494,-0.6029902,-0.14493872,-0.11223447,-0.09797331,-0.06880294,-0.5249454,-0.21766011,-0.604609,-0.1471798,-0.10852055,-0.09228414,-0.06680304,-0.53024626,-0.22579007,-0.6066355,-0.14959767,-0.10151581,-0.078125924,-0.082048275,-0.53247434,-0.27216738,-0.61371404,-0.16550897,-0.086642735,-0.05193968,-0.18970157,-0.5276771,-0.30457717,-0.6194613,-0.18572877,-0.07061991,-0.039075077
-0.73585546,-0.59818304,-0.38011917,-0.72433925,-0.6157456,-0.4008944,-0.7027754,-0.55316615,-0.28924906,-0.6834888,-0.27176276,-0.07368806,-0.6127861,-0.30038184,-0.22648762,-0.73585546,-0.598183,-0.3801192,-0.72433925,-0.61574566,-0.40089443,-0.7027754,-0.5531663,-0.2892491,-0.68348885,-0.2717655,-0.073694624,-0.61278623,-0.3003915,-0.22650869,-0.52196944,-0.5229584,-0.2486988,-0.4998031,-0.18277712,0.091457605,0.02244474,-0.5190586,-0.5266516,-0.25757658,-0.5017929,-0.18716635,0.10254159,0.025274908,-0.51219594,-0.53182185,-0.27746895,-0.50462514,-0.19448078,0.1163806,0.012712464,-0.50776815,-0.5371945,-0.35949323,-0.5134935,-0.22065796,0.12369632,-0.08961283,-0.46876034,-0.53616494,-0.42488948,-0.5201984,-0.2592267,0.025523249,-0.21281587,-0.52196944,-0.5647679,-0.031639494,-0.5190586,-0.5649834,-0.04067744,-0.51219594,-0.5706194,-0.13719638,-0.50776815,-0.5952369,-0.19409186,-0.46876034,-0.60153407,-0.20379311,-0.071725994,-0.52079827,-0.21193494,-0.46323794,-0.14493872,-0.11223447,-0.09797331,-0.06880197,-0.5249454,-0.21766008,-0.46466056,-0.1471798,-0.10852055,-0.09228414,-0.06538949,-0.53024626,-0.22579005,-0.46636525,-0.14959767,-0.10151581,-0.078125924,-0.049069136,-0.53247434,-0.27216735,-0.47044283,-0.16550897,-0.086642735,-0.05193968,-0.043479923,-0.5276771,-0.30457717,-0.47205746,-0.18572877,-0.07061991,-0.039075077
-0.73585546,-0.5981833,-0.38011962,-0.7243403,-0.61589205,-0.40116045,-0.70315504,-0.63964915,-0.4340633,-0.68508875,-0.70469815,-0.54647934,-0.6146834,-0.71971005,-0.63250995,-0.73585546,-0.5981832,-0.38011965,-0.7243403,-0.6158921,-0.40116048,-0.70315504,-0.6396492,-0.43406332,-0.6850888,-0.7047078,-0.5464867,-0.6146835,-0.71972424,-0.6325339,-0.52196944,-0.5229584,-0.2486988,-0.6390795,-0.18277712,0.091457605,0.02244474,-0.51905864,-0.5266516,-0.25757658,-0.641091,-0.18716635,0.10254159,0.025274908,-0.51227385,-0.53182185,-0.27746895,-0.64436036,-0.19448078,0.1163806,0.012712464,-0.50808233,-0.5371945,-0.35949323,-0.65777016,-0.22065796,0.12369632,-0.08961283,-0.46914732,-0.53616494,-0.42488948,-0.66995615,-0.2592267,0.025523249,-0.21281587,-0.52196944,1.7709,-0.031639494,-0.51905864,1.7708402,-0.04067744,-0.51227385,1.7697438,-0.13719638,-0.50808233,1.75024,-0.19409186,-0.46914732,1.742565,-0.20379311,-0.071725994,-0.52079827,-0.21193494,-0.6029902,-0.14493872,-0.11223447,-0.09797331,-0.06880294,-0.5249454,-0.21766011,-0.604609,-0.1471798,-0.10852055,-0.09228414,-0.06680304,-0.53024626,-0.22579007,-0.6066355,-0.14959767,-0.10151581,-0.078125924,-0.082048275,-0.53247434,-0.27216738,-0.61371404,-0.16550897,-0.086642735,-0.05193968,-0.18970157,-0.5276771,-0.30457717,-0.6194613,-0.18572877,-0.07061991,-0.039075077
1.7919459,0.598536,2.2281232,1.6526008,1.056227,2.439376,1.4783931,1.6486905,2.3504493,1.5350515,2.0528426,2.0120897,0.5657425,2.207049,1.977977,1.7919459,0.5985355,2.2281232,1.6526008,1.0562261,2.439376,1.4783931,1.648688,2.3504493,1.5350515,2.052877,2.0120869,0.5657424,2.2070663,1.9779716,-0.52196944,-0.5229584,-0.2486988,-0.6390795,-0.18277712,0.091457605,0.02244474,-0.51905864,-0.5266516,-0.25757658,-0.641091,-0.18716635,0.10254159,0.025274908,-0.51227385,-0.53182185,-0.27746895,-0.64436036,-0.19448078,0.1163806,0.012712464,-0.50808233,-0.5371945,-0.35949323,-0.65777016,-0.22065796,0.12369632,-0.08961283,-0.46914732,-0.53616494,-0.42488948,-0.66995615,-0.2592267,0.025523249,-0.21281587,-0.52196944,1.7736026,-0.031639494,-0.51905864,1.7735429,-0.04067744,-0.51227385,1.7724519,-0.13719638,-0.50808233,1.7529539,-0.19409186,-0.46914732,1.7452773,-0.20379311,-0.071725994,-0.52079827,-0.21193494,-0.6029902,-0.14493872,-0.11223447,-0.09797331,-0.06880294,-0.5249454,-0.21766011,-0.604609,-0.1471798,-0.10852055,-0.09228414,-0.06680304,-0.53024626,-0.22579007,-0.6066355,-0.14959767,-0.10151581,-0.078125924,-0.082048275,-0.53247434,-0.27216738,-0.61371404,-0.16550897,-0.086642735,-0.05193968,-0.18970157,-0.5276771,-0.30457717,-0.6194613,-0.18572877,-0.07061991,-0.039075077
1.9019529,-0.48985052,-0.38008884,1.9566603,-0.5049928,-0.40112117,2.0146453,-0.52622986,-0.43399256,1.1347824,-0.5827281,-0.5456318,-0.17495625,-0.5912602,-0.63150424,1.9019529,-0.48985052,-0.38008887,1.9566603,-0.5049929,-0.4011212,2.0146453,-0.52623,-0.43399262,1.1347824,-0.58273584,-0.5456392,-0.17495637,-0.591273,-0.6315282,2.6172907,-0.4299497,-0.24869877,-0.44143564,-0.18277712,0.091457605,0.02244474,2.6073349,-0.43340388,-0.25757095,-0.4434164,-0.18716635,0.10254159,0.025274908,2.6415055,-0.4383116,-0.27658978,-0.44606587,-0.19448073,0.1163806,0.012712467,1.7262865,-0.4432612,-0.35538152,-0.45304447,-0.22065686,0.12369632,-0.08961283,0.21414162,-0.44135275,-0.42091098,-0.45745498,-0.25922537,0.025523249,-0.21281587,2.6172907,-0.5647679,-0.031639494,2.6073349,-0.5649834,-0.04067744,2.6415055,-0.5706191,-0.13718686,1.7262865,-0.59505314,-0.19212493,0.21414162,-0.6012481,-0.20100294,-0.071725994,-0.42880785,-0.21193494,-0.5242654,-0.14493872,-0.11223447,-0.09797331,-0.06880294,-0.43273303,-0.21766011,-0.52577376,-0.1471798,-0.10852055,-0.09228414,-0.06680304,-0.4377651,-0.22579007,-0.52761894,-0.14959767,-0.10151581,-0.078125924,-0.082048275,-0.43947235,-0.27216738,-0.533007,-0.16550897,-0.086642735,-0.05193968,-0.18970157,-0.43355003,-0.30457717,-0.5364263,-0.18572877,-0.07061991,-0.039075077
1.8791993,0.71134806,2.4520617,1.6587869,1.1491445,2.5997815,1.4513624,1.726788,2.4773383,1.5499038,2.1281075,2.1314712,1.3727124,2.2946987,2.0932221,1.8791993,0.7113475,2.4520617,1.6587869,1.1491436,2.5997815,1.4513624,1.7267854,2.4773383,1.5499038,2.128143,2.1314683,1.3727124,2.294717,2.0932176,-0.52196944,-0.5229584,-0.2486988,-0.6390795,-0.18277712,0.091457605,0.02244474,-0.51905864,-0.5266516,-0.25757658,-0.641091,-0.18716635,0.10254159,0.025274908,-0.51227385,-0.53182185,-0.27746895,-0.64436036,-0.19448078,0.1163806,0.012712464,-0.50808233,-0.5371945,-0.35949323,-0.65777016,-0.22065796,0.12369632,-0.08961283,-0.46914732,-0.53616494,-0.42488948,-0.66995615,-0.2592267,0.025523249,-0.21281587,-0.52196944,1.7736058,-0.031639494,-0.51905864,1.773546,-0.04067744,-0.51227385,1.772455,-0.13719638,-0.50808233,1.7529571,-0.19409186,-0.46914732,1.7452805,-0.20379311,-0.071725994,-0.52079827,-0.21193494,-0.6029902,-0.14493872,-0.11223447,-0.09797331,-0.06880294,-0.5249454,-0.21766011,-0.604609,-0.1471798,-0.10852055,-0.09228414,-0.06680304,-0.53024626,-0.22579007,-0.6066355,-0.14959767,-0.10151581,-0.078125924,-0.082048275,-0.53247434,-0.27216738,-0.61371404,-0.16550897,-0.086642735,-0.05193968,-0.18970157,-0.5276771,-0.30457717,-0.6194613,-0.18572877,-0.07061991,-0.039075077
1.4084699,-0.48970884,-0.38006705,1.6740596,-0.50489503,-0.40110528,1.9430667,-0.52602047,-0.43370363,1.6626725,-0.58252263,-0.5454441,0.097856835,-0.5911439,-0.6314139,1.4084699,-0.48970884,-0.38006705,1.6740596,-0.50489515,-0.40110534,1.9430667,-0.52602065,-0.43370366,1.6626725,-0.5825304,-0.54545146,0.097856715,-0.5911567,-0.63143784,2.028025,-0.4299497,-0.24869871,-0.44143564,-0.18277712,0.091457605,0.02244474,2.2763107,-0.43340388,-0.25757656,-0.4434164,-0.18716635,0.10254159,0.025274908,2.5570457,-0.4383108,-0.2774314,-0.44606537,-0.19448078,0.1163806,0.012712464,2.3716896,-0.443249,-0.35685423,-0.45303625,-0.22065751,0.12369632,-0.08961283,0.63722855,-0.44134268,-0.4218601,-0.45744804,-0.25922593,0.025523249,-0.21281587,2.028025,-0.5647679,-0.031639494,2.2763107,-0.5649834,-0.04067744,2.5570457,-0.5706194,-0.13719636,2.3716896,-0.59516126,-0.19328167,0.63722855,-0.6013683,-0.20217551,-0.071725994,-0.42880785,-0.21193494,-0.5242654,-0.14493872,-0.11223447,-0.09797331,-0.06880294,-0.43273303,-0.21766011,-0.52577376,-0.1471798,-0.10852055,-0.09228414,-0.06680304,-0.4377651,-0.22579007,-0.52761894,-0.14959767,-0.10151581,-0.078125924,-0.082048275,-0.43947235,-0.27216738,-0.533007,-0.16550897,-0.086642735,-0.05193968,-0.18970157,-0.43355003,-0.30457717,-0.5364263,-0.18572877,-0.07061991,-0.039075077
-0.73582315,-0.27385086,-0.38011792,-0.72410566,-0.2847864,-0.40114224,-0.70221376,-0.30770388,-0.43393248,-0.6845068,-0.39255148,-0.5392955,-0.613042,-0.43244594,-0.6182726,-0.73582315,-0.27385095,-0.38011795,-0.72410566,-0.2847866,-0.40114227,-0.70221376,-0.30770427,-0.43393254,-0.6845068,-0.39255616,-0.5393028,-0.6130421,-0.43245703,-0.61829644,-0.52196944,-0.2439323,-0.2486988,-0.1669395,-0.18277712,0.091457605,0.02244474,-0.51905864,-0.24690843,-0.25757658,-0.16887765,-0.18716635,0.10254159,0.025274908,-0.51227385,-0.2512887,-0.27746895,-0.1706649,-0.19448078,0.1163806,0.012712464,-0.50805116,-0.2553321,-0.35949323,-0.16867937,-0.22065796,0.12369632,-0.08961283,-0.4688533,-0.2516565,-0.42488948,-0.16228488,-0.2592267,0.025523249,-0.21281587,-0.52196944,-0.5647679,-0.031639494,-0.51905864,-0.56498337,-0.04067744,-0.51227385,-0.57061934,-0.13719638,-0.50805116,-0.5952369,-0.19409186,-0.4688533,-0.60153407,-0.20379311,-0.071725994,-0.244827,-0.21193494,-0.12923709,-0.14493872,-0.11223447,-0.09797331,-0.06880294,-0.24830833,-0.21766011,-0.13019079,-0.1471798,-0.10852055,-0.09228414,-0.06680304,-0.25280276,-0.22579005,-0.13112642,-0.14959767,-0.10151581,-0.078125924,-0.078779064,-0.25346842,-0.27216738,-0.12803192,-0.16550897,-0.086642735,-0.05193968,-0.07860258,-0.24529582,-0.30457717,-0.119769655,-0.18572877,-0.07061991,-0.039075077
0.90212595,2.4545686,1.5578601,1.0874708,2.2096772,1.9176577,1.2837465,2.0128303,2.1030078,1.5616577,2.0966282,1.9778962,2.0263202,2.22106,1.9671555,0.90212595,2.4545674,1.55786,1.0874708,2.2096758,1.9176575,1.2837465,2.0128274,2.1030078,1.5616577,2.0966632,1.9778932,2.0263202,2.2210777,1.9671499,1.0358133,2.75892,-0.24869835,2.1293213,-0.18277712,0.091457605,0.02244474,1.0094838,2.7636611,-0.25757658,2.1277397,-0.18716635,0.10254159,0.025274908,1.0216161,2.7677822,-0.27746585,2.1331608,-0.19448078,0.1163806,0.012712464,1.3016921,2.7779691,-0.3131444,2.209957,-0.22051625,0.12369632,-0.08961283,2.2172618,2.8099592,-0.35057315,2.3065717,-0.25875813,0.025523249,-0.21281587,1.0358133,-0.5647679,-0.031639494,1.0094838,-0.5649834,-0.04067744,1.0216161,-0.5706194,-0.13719638,1.3016921,-0.59523696,-0.19409184,2.2172618,-0.6015107,-0.20356461,-0.071725994,2.7251494,-0.21193494,2.1748688,-0.14493872,-0.11223447,-0.09797331,-0.06880294,2.7288332,-0.21766011,2.17715,-0.1471798,-0.10852055,-0.09228414,-0.06680304,2.7330174,-0.22579007,2.1815197,-0.14959767,-0.10151581,-0.078125924,-0.082048275,2.7491665,-0.27216738,2.2340908,-0.16550897,-0.086642735,-0.05193968,-0.18970157,2.7936652,-0.30457717,2.310489,-0.18572877,-0.07061991,-0.039075077
-0.73585546,-0.5981833,-0.38011962,-0.7243403,-0.61589205,-0.40116045,-0.70315504,-0.63964915,-0.4340633,-0.68508875,-0.70469815,-0.54647934,-0.6146834,-0.71971005,-0.63250995,-0.73585546,-0.5981832,-0.38011965,-0.7243403,-0.6158921,-0.40116048,-0.70315504,-0.6396492,-0.43406332,-0.6850888,-0.7047078,-0.5464867,-0.6146835,-0.71972424,-0.6325339,-0.52196944,-0.5229584,-0.2486988,-0.6390795,-0.18277712,0.091457605,0.02244474,-0.51905864,-0.5266516,-0.25757658,-0.641091,-0.18716635,0.10254159,0.025274908,-0.51227385,-0.53182185,-0.27746895,-0.64436036,-0.19448078,0.1163806,0.012712464,-0.50808233,-0.5371945,-0.35949323,-0.65777016,-0.22065796,0.12369632,-0.08961283,-0.46914732,-0.53616494,-0.42488948,-0.66995615,-0.2592267,0.025523249,-0.21281587,-0.52196944,1.7709,-0.031639494,-0.51905864,1.7708402,-0.04067744,-0.51227385,1.7697438,-0.13719638,-0.50808233,1.75024,-0.19409186,-0.46914732,1.742565,-0.20379311,-0.071725994,-0.52079827,-0.21193494,-0.6029902,-0.14493872,-0.11223447,-0.09797331,-0.06880294,-0.5249454,-0.21766011,-0.604609,-0.1471798,-0.10852055,-0.09228414,-0.06680304,-0.53024626,-0.22579007,-0.6066355,-0.14959767,-0.10151581,-0.078125924,-0.082048275,-0.53247434,-0.27216738,-0.61371404,-0.16550897,-0.086642735,-0.05193968,-0.18970157,-0.5276771,-0.30457717,-0.6194613,-0.18572877,-0.07061991,-0.039075077
-0.73585546,-0.5981833,-0.38011962,-0.7243403,-0.61589205,-0.40116045,-0.70315504,-0.63964915,-0.4340633,-0.6849644,-0.6638109,-0.5411789,-0.6133697,-0.56975085,-0.6230558,-0.73585546,-0.5981832,-0.38011965,-0.7243403,-0.6158921,-0.40116048,-0.70315504,-0.6396492,-0.43406332,-0.6849645,-0.6638199,-0.5411862,-0.6133698,-0.5697634,-0.62307966,-0.52196944,-0.5229584,-0.2486988,-0.6390795,-0.18277712,0.091457605,0.02244474,-0.51905864,-0.5266516,-0.25757658,-0.641091,-0.18716635,0.10254159,0.025274908,-0.51227385,-0.53182185,-0.27746895,-0.64436036,-0.19448078,0.1163806,0.012712464,-0.5080823,-0.5371945,-0.35949323,-0.65777016,-0.22065796,0.12369632,-0.08961283,-0.46908343,-0.53616494,-0.42488948,-0.66995615,-0.2592267,0.025523249,-0.21281587,-0.52196944,-0.5647677,-0.031639494,-0.51905864,-0.56498325,-0.04067744,-0.51227385,-0.5706192,-0.13719638,-0.5080823,-0.5952367,-0.19409186,-0.46908343,-0.6015339,-0.20379308,-0.071725994,-0.52079827,-0.21193494,-0.6029902,-0.14493872,-0.11223447,-0.09797331,-0.06880294,-0.5249454,-0.21766011,-0.604609,-0.1471798,-0.10852055,-0.09228414,-0.06680304,-0.53024626,-0.22579007,-0.6066355,-0.14959767,-0.10151581,-0.078125924,-0.08204304,-0.53247434,-0.27216738,-0.61371404,-0.16550897,-0.086642735,-0.05193968,-0.16555402,-0.5276771,-0.30457717,-0.6194613,-0.18572877,-0.07061991,-0.039075077
-0.73585546,-0.2737843,-0.38011962,-0.7243399,-0.28401273,-0.4011604,-0.70303947,-0.30150503,-0.43403828,-0.68463117,-0.37209728,-0.542626,-0.6131004,-0.422342,-0.6194362,-0.73585546,-0.27378443,-0.38011965,-0.7243399,-0.28401294,-0.40116045,-0.70303947,-0.30150545,-0.4340383,-0.6846312,-0.37210166,-0.54263335,-0.6131005,-0.42235297,-0.61946005,-0.52196944,-0.2439323,-0.2486988,-0.1669395,-0.18277712,0.091457605,0.02244474,-0.51905864,-0.24690843,-0.25757658,-0.16887765,-0.18716635,0.10254159,0.025274908,-0.51227385,-0.2512887,-0.27746895,-0.1706649,-0.19448078,0.1163806,0.012712464,-0.50805116,-0.2553321,-0.3594932,-0.16867937,-0.22065796,0.12369632,-0.08961283,-0.46885338,-0.2516565,-0.42488942,-0.16228488,-0.2592267,0.025523249,-0.21281587,-0.52196944,-0.5647679,-0.031639494,-0.51905864,-0.56498337,-0.04067744,-0.51227385,-0.57061934,-0.13719638,-0.50805116,-0.5952369,-0.19409186,-0.46885338,-0.60153407,-0.20379311,-0.071725994,-0.244827,-0.21193494,-0.12923709,-0.14493872,-0.11223447,-0.09797331,-0.06880294,-0.24830833,-0.21766011,-0.13019079,-0.1471798,-0.10852055,-0.09228414,-0.06680304,-0.25280276,-0.22579005,-0.13112642,-0.14959767,-0.10151581,-0.078125924,-0.07877867,-0.25346842,-0.27216735,-0.12803192,-0.16550897,-0.086642735,-0.05193968,-0.07862704,-0.24529582,-0.30457717,-0.119769655,-0.18572877,-0.07061991,-0.039075077
-0.7358545,-0.55184054,-0.38011962,-0.7243112,-0.5684805,-0.40116045,-0.702623,-0.59116423,-0.4340596,-0.68229425,-0.6156578,-0.53217536,-0.60930526,-0.6123765,-0.57421935,-0.7358545,-0.55184054,-0.38011965,-0.7243112,-0.5684806,-0.40116048,-0.702623,-0.5911643,-0.43405965,-0.68229425,-0.6156661,-0.5321827,-0.6093054,-0.6123895,-0.5742429,-0.52196944,-0.48309752,-0.24869877,-0.28977054,-0.18277712,0.091457605,0.02244474,-0.51905864,-0.4866883,-0.25757656,-0.29172787,-0.18716633,0.10254159,0.025303563,-0.51220226,-0.4917413,-0.27226934,-0.2944766,-0.19437113,0.116381496,0.09304005,-0.5056434,-0.46503365,0.037436973,-0.29786322,-0.20951116,0.12269015,-0.20919034,-0.4626773,-0.45613945,-0.019979151,-0.28970802,-0.22901298,0.031752888,-0.06016483,-0.52196944,-0.5647679,-0.031639494,-0.51905864,-0.5649834,-0.04067744,-0.51220226,-0.5706194,-0.13719638,-0.5056434,-0.59523696,-0.19409186,-0.4626773,-0.6015341,-0.20379311,-0.071725994,-0.4813738,-0.21193494,-0.2524878,-0.14493872,-0.11223447,-0.09797331,-0.06880294,-0.4854258,-0.21766008,-0.25361454,-0.1471798,-0.10852055,-0.09228414,-0.0665763,-0.49061146,-0.22579007,-0.25483397,-0.14959767,-0.10151581,-0.078125924,-0.021864342,-0.4926026,-0.26892352,-0.25437966,-0.16550818,-0.086642735,-0.05193968,0.42383188,-0.4848275,-0.2220278,-0.24552445,-0.16408168,-0.05786613,3.9210165
1.8765622,1.3561989,2.7977412,1.6918207,1.498714,2.6310236,1.4573706,1.8158599,2.4298897,1.5612503,2.1376984,2.1238015,1.5210487,2.2965767,2.0916965,1.8765622,1.356198,2.7977412,1.6918207,1.4987129,2.6310234,1.4573706,1.8158572,2.4298897,1.5612503,2.1377342,2.1237986,1.5210487,2.2965953,2.0916917,1.0255162,2.8386416,-0.24869856,2.19657,-0.18277712,0.091457605,0.02244474,0.96797526,2.8435876,-0.25757617,2.1949987,-0.18716635,0.10254159,0.025274908,0.9947646,2.8479345,-0.277318,2.200631,-0.19448078,0.1163806,0.012712464,1.284373,2.8584104,-0.28975567,2.2795413,-0.22033711,0.12369632,-0.08961283,1.7062509,2.8912134,-0.34445402,2.3788512,-0.2586778,0.025523249,-0.21281587,1.0255162,-0.5647679,-0.031639494,0.96797526,-0.5649834,-0.04067744,0.9947646,-0.5706194,-0.13719638,1.284373,-0.59523684,-0.19409071,1.7062509,-0.6014923,-0.2033847,-0.071725994,2.8039985,-0.21193494,2.2423472,-0.14493872,-0.11223447,-0.09797331,-0.06880294,2.8078723,-0.21766011,2.244723,-0.1471798,-0.10852055,-0.09228414,-0.06680304,2.812287,-0.22579007,2.2492483,-0.14959767,-0.10151581,-0.078125924,-0.082048275,2.8288825,-0.27216738,2.3032684,-0.16550897,-0.086642735,-0.05193968,-0.18970157,2.8743455,-0.30457717,2.381662,-0.18572877,-0.07061991,-0.039075077
-0.7209078,-0.2737843,-0.38011962,-0.7150049,-0.28401127,-0.40116045,-0.6999419,-0.30038327,-0.4340633,-0.6844233,-0.36537242,-0.5422946,-0.61305773,-0.42134503,-0.61941916,-0.7209078,-0.27378443,-0.38011965,-0.7150049,-0.2840115,-0.40116048,-0.6999419,-0.3003837,-0.43406332,-0.6844234,-0.36537668,-0.542302,-0.61305785,-0.421356,-0.619443,-0.52196944,-0.2439323,-0.2486988,-0.1669395,-0.18277712,0.091457605,0.02244474,-0.51905864,-0.24690843,-0.25757658,-0.16887765,-0.18716635,0.10254159,0.025274908,-0.51227385,-0.2512887,-0.27746895,-0.1706649,-0.19448078,0.1163806,0.012712464,-0.50805116,-0.2553321,-0.35949323,-0.16867937,-0.22065796,0.12369632,-0.08961283,-0.46885324,-0.2516565,-0.42488942,-0.16228488,-0.2592267,0.025523249,-0.21281587,-0.52196944,-0.5647679,-0.031639494,-0.51905864,-0.56498337,-0.04067744,-0.51227385,-0.57061934,-0.13719638,-0.50805116,-0.5952369,-0.19409186,-0.46885324,-0.60153407,-0.20379311,-0.071725994,-0.244827,-0.21193494,-0.12923709,-0.14493872,-0.11223447,-0.09797331,-0.06880294,-0.24830833,-0.21766011,-0.13019079,-0.1471798,-0.10852055,-0.09228414,-0.06680304,-0.25280276,-0.22579007,-0.13112642,-0.14959767,-0.10151581,-0.078125924,-0.078778945,-0.25346842,-0.27216738,-0.12803192,-0.16550897,-0.086642735,-0.05193968,-0.07858375,-0.24529582,-0.30457717,-0.119769655,-0.18572877,-0.07061991,-0.039075077
-0.7353138,-0.3058011,-0.3798467,-0.7226671,-0.32483137,-0.39911363,-0.69891024,-0.35983253,-0.40274206,-0.68271893,-0.021624772,-0.12260943,-0.61313385,0.42850772,0.07734363,-0.7353138,-0.30580118,-0.37984672,-0.7226671,-0.32483155,-0.39911368,-0.69891024,-0.35983288,-0.40274212,-0.682719,-0.021623531,-0.12261607,-0.61313397,0.428506,0.0773247,-0.5213241,-0.27147096,-0.19600601,-0.21566436,-0.17919151,0.09174709,0.5504685,-0.5171047,-0.28131866,-0.11317796,-0.23531933,-0.18131447,0.10586749,1.7136918,-0.50741667,-0.31450105,0.007991186,-0.26247454,-0.18653166,0.13405673,3.7125328,-0.50583386,-0.32733113,-0.07338391,-0.2620769,-0.21245365,0.14871362,3.2405872,-0.46778023,-0.38351378,-0.09107621,-0.30997288,-0.17593388,0.14250322,1.7666508,-0.5213241,-0.5647679,-0.031639494,-0.5171047,-0.5649834,-0.04067744,-0.50741667,-0.5706194,-0.13719638,-0.50583386,-0.59523696,-0.19409186,-0.46778023,-0.5939443,-0.12998866,-0.06715581,-0.27110997,-0.2119349,-0.16104671,-0.14493872,-0.11223447,-0.09797331,-0.05353071,-0.27465472,-0.21766011,-0.16204509,-0.1471798,-0.10852055,-0.09228414,-0.001096679,-0.27922595,-0.22579002,-0.16305396,-0.14959767,-0.10151581,-0.078125924,0.10410855,-0.2800404,-0.27216735,-0.16064252,-0.16550897,-0.086642735,-0.05193968,0.102586366,-0.2721893,-0.30457717,-0.15332091,-0.18572877,-0.07061991,-0.039075077
-0.7209086,1.4872385,-0.38011962,-0.7150052,1.5176271,-0.40116045,-0.69994193,1.5413458,-0.4340613,-0.6844139,1.2679031,-0.12960804,-0.6131434,0.54249245,0.08419398,-0.7209086,1.4872376,-0.38011965,-0.7150052,1.517626,-0.40116048,-0.69994193,1.5413433,-0.43406132,-0.68441397,1.267925,-0.1296147,-0.6131435,0.5424919,0.08417511,-0.52196944,1.2707807,-0.2486988,1.4427717,-0.18277712,0.091457605,0.02244474,-0.51905864,1.2716974,-0.25757658,1.4410833,-0.18716635,0.10254159,0.025274908,-0.51227385,1.2716055,-0.27746883,1.4443493,-0.19448078,0.1163806,0.012712464,-0.5079886,1.274778,-0.3594931,1.4988235,-0.22065796,0.12369632,-0.08961283,-0.46865916,1.2928178,-0.4248894,1.5685661,-0.2592267,0.025523249,-0.21281587,-0.52196944,-0.5647679,-0.031639494,-0.51905864,-0.56498337,-0.04067744,-0.51227385,-0.57061934,-0.13719638,-0.5079886,-0.5952369,-0.19409186,-0.46865916,-0.60153407,-0.20379311,-0.071725994,1.2533027,-0.21193494,1.4859736,-0.14493872,-0.11223447,-0.09797331,-0.06880294,1.2534356,-0.21766011,1.4872875,-0.1471798,-0.10852055,-0.09228414,-0.06680304,1.2533189,-0.22578992,1.490071,-0.14959767,-0.10151581,-0.078125924,-0.072210014,1.261135,-0.27216727,1.5278496,-0.16550897,-0.086642735,-0.05193968,-0.005246223,1.2876314,-0.3045771,1.5838757,-0.18572877,-0.07061991,-0.039075077
1.0612576,1.8983053,2.5530329,1.0191499,2.1476984,2.1966887,1.1588069,2.1901078,2.110061,1.5316428,2.1926064,2.0785003,2.3524203,2.305703,2.084349,1.0612576,1.8983042,2.5530329,1.0191499,2.1476972,2.1966887,1.1588069,2.1901045,2.110061,1.5316428,2.1926432,2.0784972,2.3524203,2.3057215,2.0843444,-0.52196944,-0.5229584,-0.2486988,-0.6390795,-0.18277712,0.091457605,0.02244474,-0.51905864,-0.5266516,-0.25757658,-0.641091,-0.18716635,0.10254159,0.025274908,-0.51227385,-0.53182185,-0.27746895,-0.64436036,-0.19448078,0.1163806,0.012712464,-0.50808233,-0.5371945,-0.35949323,-0.65777016,-0.22065796,0.12369632,-0.08961283,-0.46914732,-0.53616494,-0.42488948,-0.66995615,-0.2592267,0.025523249,-0.21281587,-0.52196944,1.773606,-0.031639494,-0.51905864,1.7735462,-0.04067744,-0.51227385,1.7724552,-0.13719638,-0.50808233,1.7529573,-0.19409186,-0.46914732,1.7452807,-0.20379311,-0.071725994,-0.52079827,-0.21193494,-0.6029902,-0.14493872,-0.11223447,-0.09797331,-0.06880294,-0.5249454,-0.21766011,-0.604609,-0.1471798,-0.10852055,-0.09228414,-0.06680304,-0.53024626,-0.22579007,-0.6066355,-0.14959767,-0.10151581,-0.078125924,-0.082048275,-0.53247434,-0.27216738,-0.61371404,-0.16550897,-0.086642735,-0.05193968,-0.18970157,-0.5276771,-0.30457717,-0.6194613,-0.18572877,-0.07061991,-0.039075077
1.1258421,2.2911222,2.0698457,1.290968,2.13186,2.2147434,1.3940943,2.062836,2.2413442,1.5658176,2.171473,2.096356,2.331807,2.30261,2.0868511,1.1258421,2.291121,2.0698457,1.290968,2.1318586,2.2147434,1.3940943,2.0628328,2.2413442,1.5658176,2.1715095,2.096353,2.331807,2.3026285,2.0868464,1.1131088,2.8386416,-0.24869862,2.19657,-0.18277712,0.091457605,0.02244474,1.094862,2.8435876,-0.25757644,2.1949987,-0.18716635,0.10254159,0.025274908,1.0982237,2.8479345,-0.27744904,2.200631,-0.19448078,0.1163806,0.012712464,1.3093503,2.8584664,-0.30274713,2.2795897,-0.22044551,0.12369632,-0.08961283,2.5380635,2.8912435,-0.3490865,2.3788779,-0.2587392,0.025523249,-0.21281587,1.1131088,-0.5647679,-0.031639494,1.094862,-0.5649834,-0.04067744,1.0982237,-0.5706194,-0.13719638,1.3093503,-0.59523696,-0.19409186,2.5380635,-0.6015194,-0.20364943,-0.071725994,2.8039985,-0.21193494,2.2423472,-0.14493872,-0.11223447,-0.09797331,-0.06880294,2.8078723,-0.21766011,2.244723,-0.1471798,-0.10852055,-0.09228414,-0.06680304,2.812287,-0.22579007,2.2492483,-0.14959767,-0.10151581,-0.078125924,-0.082048275,2.8288825,-0.27216738,2.3032684,-0.16550897,-0.086642735,-0.05193968,-0.18970157,2.8743455,-0.30457717,2.381662,-0.18572877,-0.07061991,-0.039075077